belligerent,ccode,cname,ccode_wrong,Qcode,drop_nopage,drop_trashentity,notes
Brazil,140,Brazil,,Q155,,,
Somali pirates,,,,Q214451,,,
Iraqi Security Forces,645,Iraq,,Q16849914,,,
Mahdi Army,,,,Q861979,,,
Ivory Coast,437,Côte d’Ivoire,,Q1008,,,
Cameroon,471,Cameroon,,Q1009,,,
Libya,620,Libya,,Q1016,,,
Libyan Arab Jamahiriya,620,Libya,,Q1016,,,Might just be the name for Libya given by Gaddafi in 1969
Malawi,553,Malawi,,Q1020,,,
Mauritania,435,Mauritania,,Q1025,,,
Morocco,600,Morocco,,Q1028,,,
Mozambique,541,Mozambique,,Q1029,,,
Niger,436,Niger,,Q1032,,,
Nigeria,475,Nigeria,,Q1033,,,
Uganda,500,Uganda,,Q1036,,,
Rwanda,517,Rwanda,,Q1037,,,
Senegal,433,Senegal,,Q1041,,,
Seychelles,591,Seychelles,,Q1042,,,
Somalia,520,Somalia,,Q1045,,,
Sudan,625,Sudan,,Q1049,,,
MFS,,,,Q10566647,,,
United Nations,,,,Q1065,,,
Al Qaeda in Iraq,645,Iraq,1,Q1076058,,,
Al-Qaeda in Iraq,645,Iraq,1,Q1076058,,,
al-Qaeda in Iraq,645,Iraq,1,Q1076058,,,
Tanzim Qaidat al-Jihad fi Bilad al-Rafidayn,,,,Q1076058,,,
Lord's Resistance Army,,,,Q108462,,,
Sinjar Resistance Units,,,,Q10861236,,,
YBŞ,,,,Q10861236,,,
Syrian Republican Guard,652,Syria,,Q1112438,,,
Republic Srpska,346,Bosnia & Herzegovina,,Q11196,,,
Republika Srpska,346,Bosnia & Herzegovina,,Q11196,,,
Republika Srpska,346,Bosnia & Herzegovina,,Q11196,,,
Kenya,501,Kenya,,Q114,,,
Fedayeen Saddam,,,,Q1142173,,,
Ethiopia,530,Ethiopia,,Q115,,,
Oromo Liberation Front,,,,Q1153941,,,
Hazara Militia,,,,Q115473,,,
Rajah Sulaiman Movement,,,,Q1168497,,,
Rajah Sulaiman movement,,,,Q1168497,,,
Ghana,452,Ghana,,Q117,,,
PIJ,,,,Q117907,,,
Islamic Jihad of Yemen,679,Yemen,1,Q12207542,,,
Kosovo,347,Kosovo,,Q1246,,,
MINUSMA,,,,Q12525579,,,
Republic of Bosnia and Herzegovina,346,Bosnia & Herzegovina,,Q1274468,,,
Kurdish National Council,,,,Q1282507,,,
Saddam Hussein and personal bodyguards,645,Iraq,,Q1316,,,
Ansar al-Sharia - Tunisia,616,Tunisia,1,Q13257444,,,
Liwa Abu al-Fadhal al-Abbas,,,,Q13438898,,,
Lebanese Communist Party,,,,Q1349604,,,
Syrian Arab Air Force,652,Syria,,Q1416238,,,
France,220,France,,Q142,,,
Harkat-ul-Jihad al-Islami,,,,Q1422667,,,
Iraqi Turkmen Front,,,,Q1424473,,,
United Kingdom,200,United Kingdom,,Q145,,,
Pakistani Taliban,770,Pakistan,1,Q1459585,,,
Tehrik-i-Taliban Pakistan,770,Pakistan,1,Q1459585,,,
Mandatory Iraq,645,Iraq,,Q146720,,,Mandatory Iraq refers to a former country that was dissolved in 1932
Somali Democratic Republic,,,,Q1477220,,,
China,710,China,,Q148,,,
Kingdom of Iraq,645,Iraq,,Q149805,,,"Kingdom of Iraq ceased to exist in 1958, but coded for Iraqi-Kurdish conflict that began in 1918"
Kingdom of Kurdistan,,,,Q149832,,,
Syrian Interim Government,652,Syria,,Q15020959,,,
Interim Government,652,Syria,,Q15020959,,,
Hezbollah Al-Hejaz,,,,Q15081016,,,
Soviet Union,365,Russia,,Q15180,,,
PKK,,,,Q152220,,,
International Security Assistance Force,,,,Q155654,,,
ISAF,,,,Q155654,,,
Iraqi Armed Forces,645,Iraq,,Q15611742,,,
Pre-occupation Iraqi armed forces,645,Iraq,,Q15611742,,,
Ansar Bait al-Maqdis,,,,Q15646812,,,
Wilayat Sinai,,,,Q15646812,,,
Army of the Mujahedeen,,,,Q15704024,,,
Jabhat Ahl al-Sham,,,,Q15704024,,,
Bangsamoro,,,,Q15709731,,,
Bangsamoro Islamic Freedom Fighters,,,,Q15709731,,,
BIFF,,,,Q15709731,,,
Russia,365,Russia,,Q159,,,
Russian Federation,365,Russia,,Q159,,,
Indian Mujahideen,750,India,1,Q159087,,,
OIRAP,,,,Q15980911,,,
Canada,20,Canada,,Q16,,,
Jaish ul-Adl,,,,Q16049541,,,
Ansar al-Sharia - Mauritania,435,Mauritania,1,Q16147042,,,
Al Furqan Brigades,,,,Q16148530,,,
Asayish,,,,Q16199562,,,
Internal Security Forces Asayish,,,,Q16199562,,,
Ba'athist Syrian Government,652,Syria,,Q16243030,,,
Lashkar-e-Omar,,,,Q1636183,,,
AMISOM,,,,Q1641888,,,
Islamic Kurdistan,,,,Q1644886,,,
Kurdistan Islamic Group,,,,Q1644886,,,
Al-Mourabitoun,,,,Q16525650,,,
Iraqi government,645,Iraq,,Q1672351,,,
Iraqi Communist Party,645,Iraq,,Q1672366,,,
Islamic Jihad Union,,,,Q1674120,,,
Kurdistan Islamic Movement,,,,Q1674121,,,
East Turkestan Islamic Movement,,,,Q1674170,,,
East Turkistan Islamic Party,,,,Q1674170,,,
ETIM,,,,Q1674170,,,
Turkistan Islamic Party,,,,Q1674170,,,
SNA,,,,Q1679059,,,
Somali National Alliance,,,,Q1679059,,,
Iraq security forces,645,Iraq,,Q16849914,,,
Iraqi security forces,645,Iraq,,Q16849914,,,
Iraqi National Guard,645,Iraq,,Q16955169,,,
Japan,740,Japan,,Q17,,,
Harakat Sham al-Islam,,,,Q17004199,,,
Jund al-Aqsa,,,,Q17006617,,,
UN Protection Force,,,,Q170245,,,
UNPROFOR,,,,Q170245,,,
Tunisian Combatant Group,616,Tunisia,1,Q17053094,,,
Quetta Shura,,,,Q1740122,,,
Libyan parliament,620,Libya,,Q17443556,,,
House of Representatives,,,,Q17443556,,,
Shura Council of Benghazi Revolutionaries,,,,Q17502017,,,
SPM,,,,Q1766415,,,
UNOSOM II,,,,Q1778229,,,
SNM,,,,Q1788421,,,
AQIS,,,,Q17899406,,,
Jama'at al-Tawhid wal-Jihad,,,,Q17984585,,,
JTJ,,,,Q17984585,,,
Ba-athists,,,,Q179933,,,
Lashkar-e-Islam,,,,Q1806585,,,
Bedouin tribesmen,,,,Q180688,,,
Khorasan,,,,Q18112628,,,
Khorasan group,,,,Q18112628,,,
Islamic State of Iraq and the Levant Wilayat al-Jazair,645,Iraq,1,Q18122635,,,
Jund al-Khilafah,,,,Q18122635,,,
Nour al-Din al-Zenki Movement,,,,Q18155793,,,
Islamic State of Iraq,645,Iraq,1,Q18206631,,,
Islamic state of Iraq,645,Iraq,1,Q18206631,,,
Soldiers of Egypt,651,Egypt,1,Q18210320,,,
Germany,255,Germany,,Q183,,,
Sootoro,,,,Q18392177,,,
YPJ,,,,Q18395275,,,
Belarus,370,Belarus,,Q184,,,
Ezidxan Iraq Command,645,Iraq,1,Q18412532,,,
Resolute Support,,,,Q18651204,,,
Resolute Support Mission,,,,Q18651204,,,
RS,,,,Q18651204,,,
Assyrian national guard,652,Syria,1,Q18702437,,,
Nineveh Plain Protection Units,,,,Q18702437,,,
Jamaat-ul-Ahrar,,,,Q18711585,,,
CJTF-OIR,,,,Q18712599,,1,
Misrata Brigades,,,,Q18715205,,,Misrata Brigade refers to the Central Shield branch of the Libya Shield Force
Iraqi Ba'ath Party,645,Iraq,,Q1878844,,,
Iraqi Ba'ath Party Loyalists,645,Iraq,,Q1878844,,,
Ba'ath Loyalists,,,,Q1878844,,,
Ba'ath loyalists,,,,Q1878844,,,
Ba'ath Party Loyalists,,,,Q1878844,,,
Ba'ath Party loyalists,,,,Q1878844,,,
Ba'athists,,,,Q1878844,,,
FFL,,,,Q188559,,,
Iceland,395,Iceland,,Q189,,,
Western European Union,,,,Q189946,,,
Estonia,366,Estonia,,Q191,,,
Western Bosnia,346,Bosnia & Herzegovina,1,Q192262,,,
Kosovo Liberation Army,347,Kosovo,1,Q193366,,,
KLA,,,,Q193366,,,
Al-Qaeda in Bosnia and Herzegovinia,346,Bosnia & Herzegovina,1,Q19428976,,,
KIM,,,,Q19429040,,,
Multinational Joint Task Force,,,,Q19429054,,,
Shi'a militias,,,,Q19610107,,1,
Popular Mobilization Forces,,,,Q19610107,,,
Army of Conquest,,,,Q19691801,,,
ISIL in Libya,620,Libya,1,Q19824111,,,
Libya Province,620,Libya,,Q19824111,,,
Islamic State of Iraq and the Levant Libyan Provinces,,,,Q19824111,,,
Wilayat Barqa,,,,Q19824111,,,coded as alternative name for ISIL-LIbya
Liwa Fatemiyoun,,,,Q19883290,,,
South Yemen,680,Yemen People's Republic,,Q199841,,,
Norway,385,Norway,,Q20,,,
Abdullah Azzam Brigades,,,,Q2000803,,,
Sheikh Omar Hadid Brigade,,,,Q20050674,,,
al-Mahdi Army,,,,Q20382097,,,
Mahdi Militia,,,,Q20382097,,,
Jund al-Islam,,,,Q20387047,,,
Iraq Kurdistan,645,Iraq,1,Q205047,,,
Iraqi Kurdistan,645,Iraq,1,Q205047,,,
International Freedom Battalion,,,,Q20635401,,,
Ansar al-Sharia - Syria,652,Syria,1,Q20642762,,,
Caucasus Province,,,,Q21070584,,,
Islamic State of Iraq and the Levant - Khorasan Province,645,Iraq,1,Q21070585,,,
ISIL-K,,,,Q21070585,,,
ISIL-KP,,,,Q21070585,,,
Khorasan Province,,,,Q21070585,,,
Wilayat Khorasan,,,,Q21070585,,,coded as alternative name for ISIL-Khorasan Province
Sinai Province,,,,Q21070586,,,
Syrian Democratic Forces,652,Syria,1,Q21096224,,,
Latvia,367,Latvia,,Q211,,,
Fidai Mahaz,,,,Q21180296,,,
Republic of Serbian Krajina,,,,Q211853,,,
Serbian Krajina,,,,Q211853,,,
Ukraine,369,Ukraine,,Q212,,,
Islamic State of Iraq and the Levant Wilayat Gharb Ifriqiyyah,645,Iraq,1,Q212372,,,
Boko Haram,,,,Q212372,,,
ISIL-West Africa,,,,Q212372,,,
Czech Republic,316,Czechia,,Q213,,,
Slovakia,317,Slovakia,,Q214,,,
Al-Sanadid Forces,,,,Q21469695,,,
Revolutionary Commando Army,,,,Q21481802,,,
Slovenia,349,Slovenia,,Q215,,,
YJÊ,,,,Q21503656,,,
Moldova,359,Moldova,,Q217,,,
Islamic Military Alliance,,,,Q21723343,,,Coalition of multiple countries
Romania,360,Romania,,Q218,,,
Bulgaria,355,Bulgaria,,Q219,,,
Palestine,,,,Q219060,,,
North Macedonia,343,Macedonia,1,Q221,,,Possible ccode error
Government of National Accord,,,,Q22120970,,,
Albania,339,Albania,,Q222,,,
Sinjar Alliance,,,,Q22264396,,,
Croatia,344,Croatia,,Q224,,,
Bosnia and Herzegovina,346,Bosnia & Herzegovina,,Q225,,,
Bosnia-Herzegovina,346,Bosnia & Herzegovina,,Q225,,,
Azerbaijan,373,Azerbaijan,,Q227,,,
Andorra,232,Andorra,,Q228,,,
Cyprus,352,Cyprus,,Q229,,,
Al-Qaeda in Sinai Peninsula,,,,Q22947425,,,
Alliance for the Re-Liberation of Somalia,520,Somalia,1,Q2298600,,,
Alliance for the Re-liberation of Somalia,520,Somalia,1,Q2298600,,,
Georgia,372,Georgia,,Q230,,,
Yemen Province,679,Yemen,,Q23072467,,,
Islamic State of Iraq and the Levant - Yemen Province,,,,Q23072467,,,
Kazakhstan,705,Kazakhstan,,Q232,,,
Islamic Emirate of Waziristan,,,,Q2320255,,,
Malta,338,Malta,,Q233,,,
Abkhazia,,,,Q23334,,,
South Ossetia,,,,Q23427,,,
Moroccan Islamic Combatant Group,,,,Q2357272,,,
Montenegro,341,Montenegro,,Q236,,,
Northern Cyprus,352,Cyprus,1,Q23681,,,Possible ccode error
al-Rahman Legion,,,,Q23943452,,,
Liwa Zainebiyoun,,,,Q24043381,,,
National Revolutionary Front for the Liberation of Haiti,41,Haiti,1,Q2409661,,,
Cuba,40,Cuba,,Q241,,,
Awakening movements in Iraq,645,Iraq,1,Q2420193,,,"Wikipedia redirects you to ""Sons of Iraq"""
Peshmerga Sons of Iraq,645,Iraq,1,Q2420193,,,
Awakening Councils,,,,Q2420193,,,"Wikipedia redirects you to ""Sons of Iraq"""
Awakening Movement,,,,Q2420193,,,"Wikipedia redirects you to ""Sons of Iraq"""
Wilayat al-Fallujah,,,,Q2429253,,,Appears to just be geographic variation of ISIL. Currently qcoded as ISIL
Islamic State of Iraq and the Levant,645,Iraq,1,Q2429253,,,
ISIL,,,,Q2429253,,,
ISIL/ISIS,,,,Q2429253,,,
ISIS,,,,Q2429253,,,
Islamic State,,,,Q2429253,,,
Islamic State affiliates,,,,Q2429253,,,
Wilayat al-Sham,,,,Q2429253,,,
Artsakh,,,,Q244165,,,
Harkat-ul-Mujahideen,,,,Q2475082,,,
Maute Group,,,,Q24910076,,,
Maute group,,,,Q24910076,,,
Turaifie group,,,,Q24910076,,,"Remnants of the group were reportedly recruiting new members around Marawi in December 2017. The successor group has been labeled as the ""Turaifie group"" after its purported leader, Abu Turaifie.[39] Abu Turaifie is the alias of Esmail Sheikh Abdulmalik, the leader of Jamaatul Muhaajireen Wal Ansar, a faction which split from the Bangsamoro Islamic Freedom Fighters."
Indonesia,850,Indonesia,,Q252,,,
South Africa,560,South Africa,,Q258,,,
MIT,,,,Q25932091,,,
Algeria,615,Algeria,,Q262,,,
Revolutionary Committee/Supreme Political Council,,,,Q26244385,,,
Republic of Kosova,,,,Q2631403,,,
Kadryovtsy,,,,Q2631489,,,
al-Qaeda in the Arabian Peninsula,,,,Q2635866,,,
AQAP,,,,Q2635866,,,
al-Qaeda in the Islamic Maghreb,,,,Q2635966,,,
Al-Qaeda Organization in the Islamic Maghreb,,,,Q2635966,,,
AQIM,,,,Q2635966,,,
Uzbekistan,704,Uzbekistan,,Q265,,,
Palestine Liberation Organization,,,,Q26683,,,
Ireland,205,Ireland,,Q27,,,
Iranian Revolutionary Guards,630,Iran,,Q271110,,,
Islamic Revolutionary Guard Corps,630,Iran,,Q271110,,,
Lashkar-e-Jhangvi,,,,Q2746169,,,
YPG,,,,Q277036,,,
Hungary,310,Hungary,,Q28,,,
Self-Defence Forces HXP,,,,Q28001515,,,
Hasm Movement,,,,Q28162759,,,
Tahrir al-Sham,,,,Q28540613,,,
Army of Mohammed,,,,Q286627,,,Jaish-e-Mohammed
Jaish-e-Mohammed,,,,Q286627,,,
Asa'ib Ahl al-Haq,,,,Q2866334,,,
Jama'at Nasr al-Islam wal Muslimin,,,,Q28877411,,,
Nusrat al-ISlam,,,,Q28877411,,,
Spain,230,Spain,,Q29,,,
Islamic State in Somalia,520,Somalia,1,Q29025613,,,
Abnaa ul-Calipha,,,,Q29025613,,,Also known as The Islamic State in Somalia (ISS) - an Islamic State of Iraq and the Levant-affiliated group
ISS,,,,Q29025613,,,
Turkish-backed Free Syrian Army,652,Syria,1,Q29025768,,,
Turkey Syrian opposition,,,,Q29025768,,,
Takfir wal-Hijra,,,,Q291419,,,
Chile,155,Chile,,Q298,,,
Mujahideen Shura,,,,Q2993709,,,
Mujahideen Shura Council,,,,Q2993709,,,"Exists in Afghanistan, Iraq, Egypt/Gaza, and Syria"
Badr Brigades,,,,Q2994636,,,
Badr Organization,,,,Q2994636,,,
Netherlands,210,Netherlands,,Q29999,,,
United States,2,United States,,Q30,,,
United States of America,2,United States,,Q30,,,
Ansar Khalifa Philippines,840,Philippines,1,Q30001872,,,
Imam Shamil Battalion,,,,Q30021272,,,
Syrian Opposition,652,Syria,1,Q3024068,,,
Syrian opposition,652,Syria,1,Q3024068,,,
Syrian rebels,652,Syria,1,Q3024068,,,
Vetted Syrian Opposition,652,Syria,1,Q3024068,,,
Southern Transitional Council,,,,Q30314807,,,
International Monitoring Team,,,,Q30324434,,,
Houthis,,,,Q3042087,,,
Soldiers of Heaven,,,,Q3043382,,,
Syrian Army,652,Syria,,Q3068744,,,
055 Brigade,,,,Q3076828,,,
Afghanistan Northern Alliance,700,Afghanistan,1,Q309368,,,
Northern Alliance,,,,Q309368,,,
al-Shabaab,,,,Q309998,,,
Al-Shabaab,,,,Q309998,,,
Harakat al-Shabaab Mujahedeen,,,,Q309998,,,
Belgium,211,Belgium,,Q31,,,
al-Itihaad al-Islamiya,,,,Q310147,,,
Ba'athist Iraq,645,Iraq,,Q3108185,,,
Iraqi Baath Party loyalists,645,Iraq,,Q3108185,,,
Quds Force,630,Iran,,Q311381,,,
GSPC,,,,Q311841,,,Became AQIM in 2007
Salafist Group for Preaching and Combat,,,,Q311841,,,
Hezb-e Islami Gulbuddin,,,,Q3135107,,,
Hezb-e-Islami Gulbuddin,,,,Q3135107,,,
Jundallah,,,,Q3186738,,,
Luxembourg,212,Luxembourg,,Q32,,,
Hizbul Mujahideen,,,,Q3242242,,,
al-Nusra Front,,,,Q32748,,,
Al-Nusra Front,,,,Q32748,,,
AFISMA,,,,Q3275050,,,
National Transitional Council,,,,Q32835,,,
Hizbul Islam,,,,Q3294374,,,
Finland,375,Finland,,Q33,,,
AFRK,,,,Q3300434,,,
Transitional Federal Government,,,,Q332065,,,
Singapore,830,Singapore,,Q334,,,
Herzeg-Bosnia,346,Bosnia & Herzegovina,1,Q334731,,,
Croatian Republic of Herzeg-Bosnia,,,,Q334731,,,
Abu Sayyaf,,,,Q335361,,,
Academi,,,,Q337233,,,
Academi security contractors,,,,Q337233,,,
Iraqi Police,645,Iraq,,Q3394187,,,
Iraqi Police Forces,645,Iraq,,Q3394187,,,
Czechoslovakia,315,Czechoslovakia,,Q33946,,,
Sweden,380,Sweden,,Q34,,,
Fadhila Militia,,,,Q3408639,,,Islamic Virtue Party
Fadhila militia,,,,Q3408639,,,
Great Eastern Islamic Raiders' Front,,,,Q343124,,,
Al Qaeda,,,,Q34490,,,
Al Qaeda and other foreign mujahideen,,,,Q34490,,,
al-Qaeda,,,,Q34490,,,
Al-Qaeda,,,,Q34490,,,
Mujahideen,,,,Q34490,,,
Salafia Jihadia,,,,Q3469483,,,
Liechtenstein,223,Liechtenstein,,Q347,,,
Somaliland,,,,Q34754,,,
Denmark,390,Denmark,,Q35,,,
Poland,290,Poland,,Q36,,,
Abu Hafs al-Masri Brigades,,,,Q3644630,,,
Wagner Group,,,,Q36597284,,,
Yugoslavia,345,Yugoslavia,,Q36704,,,Possible ccode error
Lithuania,368,Lithuania,,Q37,,,
Serbia and Montenegro,345,Yugoslavia,,Q37024,,,
NDFP,,,,Q3707111,,,
Italy,325,Italy,,Q38,,,
Afghan National Army,700,Afghanistan,,Q383108,,,
Hamas,,,,Q38799,,,
Switzerland,225,Switzerland,,Q39,,,
Bahrain,692,Bahrain,,Q398,,,
Armenia,371,Armenia,,Q399,,,
Austria,305,Austria,,Q40,,,
SADR,,,,Q40362,,,
Australia,900,Australia,,Q408,,,
Greece,350,Greece,,Q41,,,
Hezbollah,,,,Q41053,,,
Kata'ib Hezbollah,,,,Q4119382,,,
Kata'ib Sayyid al-Shuhada,,,,Q18639795,,,
Jaish al-Rashideen,,,,Q4120437,,,
Armed Forces of Haiti,41,Haiti,1,Q4124963,,,
Argentina,160,Argentina,,Q414,,,
Peru,135,Peru,,Q419,,,
North Korea,731,North Korea,,Q423,,,
Cambodia,811,Cambodia,,Q424,,,
Afghan Taliban,700,Afghanistan,,Q42418,,,
Suspected Taliban insurgents,,,,Q42418,,,
Taliban,,,,Q42418,,,
Taliban insurgency,,,,Q42418,,,
Taliban insurgents,,,,Q42418,,,
Islamic Emirate of Afghanistan,700,Afghanistan,,Q427941,,,
Harakat al-Qiyam,,,,Q42899049,,,
Turkey,640,Turkey,,Q43,,,
Portugal,235,Portugal,,Q45,,,
1920 Revolution Brigade,,,,Q4560880,,,
Revolution Brigade,,,,Q4560880,,,
European Union,,,,Q458,,,
Ansar al-Sharia - Mali,432,Mali,1,Q4669205,,,
AQKB,,,,Q4703056,,,
Ansar al-Sharia - Derna,,,,Q4770517,,,
Ansar al-Sharia - Egypt,651,Egypt,1,Q4770518,,,
Ansar al-Sharia - Libya,620,Libya,1,Q4770519,,,
Ansar al-Sharia - Yemen,679,Yemen,1,Q4770521,,,
Ansaru,,,,Q4770527,,,
Army of the Men of the Naqashbandi Order,,,,Q4794345,,,
Army of the Men of the Naqshbandi Order,,,,Q4794345,,,
Puntland,,,,Q485112,,,
Ahrar al-Sharqiya,,,,Q48549870,,,
Gathering of the Eastern Martyrs,,,,Q48549870,,,"Subunit of Ahrar al-Sharqiya, which is the coded wikidata ID since no unique wikidata for the subunit"
Black Banner Organization,,,,Q4920321,,,
Cabinet of Yemen,679,Yemen,,Q5015574,,,
Hadi-led government,,,,Q5015574,,,
Jemaah Islamiyah,,,,Q506245,,,
JI,,,,Q506245,,,
Dagestan,,,,Q5118,,,
Coalition,,,,Q5137892,,,
Chechnya,,,,Q5187,,,
Guardians of Religion Organization,,,,Q52117655,,,
Ingushetia,,,,Q5219,,,
North Ossetia-Alania,,,,Q5237,,,
Kabardino-Balkaria,,,,Q5267,,,
Ansar al-Sunna - Mozambique,541,Mozambique,1,Q53081261,,,
Karachay-Cherkessia,,,,Q5328,,,
Federal Government of Somalia,520,Somalia,,Q5440239,,,
White Flags,,,,Q54873796,,,
Free Iraqi Army,645,Iraq,1,Q5499887,,,
MOJWA,,,,Q550108,,,
Hafiz Gul Bahadur,,,,Q5638369,,,
Hamas of Iraq,645,Iraq,1,Q5644124,,,
Iraqi Hamas,645,Iraq,1,Q5644124,,,
Ahvaz National Resistance,,,,Q56701444,,,
Ansar Dine,,,,Q568900,,,
Ansar al-Sunna,,,,Q568912,,,
Ansar al-Sunnah,,,,Q568912,,,
Jamaat Ansar al-Sunna,,,,Q568912,,,
Ansar al-Islam,,,,Q568914,,,
East Timor,860,Timor-Leste,,Q574,,,
Caucasus Emirate,,,,Q58826,,,
Popular Resistance of the Eastern Region,,,,Q59569823,,,
Islamic Front for the Iraqi Resistance,645,Iraq,1,Q6082480,,,
Jabhatul Islamiya,,,,Q6110167,,,
Tawhid al-Jihad - Gaza Strip,,,,Q6123015,,,
Jamaah Ansharut Tauhid,,,,Q6127176,,,
Southern Movement,,,,Q6130720,,,
Jaysh Muhammad,,,,Q6176532,,,
Jihad and Reform Front,,,,Q6192463,,,
Syrian Kurdistan,652,Syria,1,Q619829,,,
Federal Security Forces,,,,Q619829,,,
Rojava,,,,Q619829,,,
Western Sahara,600,Morocco,,Q6250,,,
MEK,,,,Q636947,,,
MKO,,,,Q636947,,,
KCP,,,,Q6445784,,,
Moro Islamic Liberation Front,,,,Q64611,,,
Lashkar al-Zil,,,,Q6493224,,,
Chad,483,Chad,,Q657,,,
Fatah al-Islam,,,,Q658247,,,
New Zealand,920,New Zealand,,Q664,,,
AFRICOM,,,,Q664743,,,
India,750,India,,Q668,,,
Patriotic Union of Kurdistan,,,,Q677505,,,
PUK,,,,Q677505,,,
Tonga,955,Tonga,,Q678,,,
IMSC,,,,Q67918859,,,
Tanzeem-e-Nifaz-e-Shariat-e-Mohammadi,,,,Q690419,,,
Tehreek-e-Nafaz-e-Shariat-e-Mohammadi,,,,Q690419,,,
TNSM,,,,Q690419,,,
Muaskar Anole,,,,Q6930781,,,
Jaish al-Mujahideen,,,,Q6933310,,,
Mullah Dadullah Front,,,,Q6934093,,,
Mongolia,712,Mongolia,,Q711,,,
Fiji,950,Fiji,,Q712,,,
African Union,,,,Q7159,,,
Venezuela,101,Venezuela,,Q717,,,
NATO,,,,Q7184,,,
SCIRI,,,,Q718723,,,
Political Council for the Iraqi Resistance,645,Iraq,1,Q7210193,,,
Osbat al-Ansar,,,,Q721306,,,
Muqawimun,,,,Q7249786,,,
Promised Day Brigade,,,,Q7249786,,,
Promised Day Brigades,,,,Q7249786,,,
Ras Kamboni Brigades,,,,Q7294660,,,
Reform the Armed Forces Movement,,,,Q7307438,,,
Paraguay,150,Paraguay,,Q733,,,
Lashkar-e-Taiba,,,,Q736955,,,
Islamic Courts Union,,,,Q737040,,,
Colombia,100,Colombia,,Q739,,,
SSDF,,,,Q7568575,,,
IRGC-backed Iraqi factions,645,Iraq,1,Q7574579,,,
Special Groups,,,,Q7574579,,,
Supreme Command for Jihad and Liberation,,,,Q7644811,,,
Supreme Command for Jihad and liberation,,,,Q7644811,,,
Syriac Union Party,652,Syria,1,Q7663194,,,
Syrian Liberation Front,652,Syria,1,Q7663228,,,
Al-Qaeda in the Malay Archipelago,,,,Q7684199,,,
Al-Awda,,,,Q7760381,,,
KDP,,,,Q781221,,,
Kurdistan Democratic Party,,,,Q781221,,,
Honduras,91,Honduras,,Q783,,,
PDKI,,,,Q785078,,,
Dominican Republic,42,Dominican Republic,,Q786,,,
Islamic Army in Iraq,645,Iraq,1,Q787623,,,
Islamic Army of Iraq,645,Iraq,1,Q787623,,,
Egypt,651,Egypt,,Q79,,,
Haiti,41,Haiti,,Q790,,,
El Salvador,92,El Salvador,,Q792,,,
Iran,630,Iran,,Q794,,,
Iraq,645,Iraq,,Q796,,,
Iraqi Republic,645,Iraq,,Q796,,,
New Iraqi Government,645,Iraq,,Q796,,,
Republic of Iraq,645,Iraq,,Q796,,,
Army of Islam,,,,Q798210,,,
Israel,666,Israel,,Q801,,,
Panama,95,Panama,,Q804,,,
Republic of Yemen,679,Yemen,,Q805,,,
Yemen,679,Yemen,,Q805,,,
Jordan,663,Jordan,,Q810,,,
Nicaragua,93,Nicaragua,,Q811,,,
Kyrgyzstan,703,Kyrgyzstan,,Q813,,,
Kuwait,690,Kuwait,,Q817,,,
Laos,812,Laos,,Q819,,,
Lebanon,660,Lebanon,,Q822,,,
Maldives,781,Maldives,,Q826,,,
SFR Yugoslavia,345,Yugoslavia,,Q83286,,,Possible ccode error
Malaysia,820,Malaysia,,Q833,,,
Myanmar,775,Myanmar (Burma),,Q836,,,
Nepal,790,Nepal,,Q837,,,
FR Yugoslavia,345,Yugoslavia,,Q838261,,,Possible ccode error
Oman,698,Oman,,Q842,,,
Pakistan,770,Pakistan,,Q843,,,
Qatar,694,Qatar,,Q846,,,
Syrian Armed Forces,652,Syria,,Q849180,,,
Saudi Arabia,670,Saudi Arabia,,Q851,,,
Free Aceh Movement,,,,Q852258,,,
Sri Lanka,780,Sri Lanka,,Q854,,,
Afghan National Police,700,Afghanistan,,Q8568,,,
ANP,,,,Q8568,,,
Syria,652,Syria,,Q858,,,
Syrian Arab Republic,652,Syria,,Q858,,,
Syrian Government,652,Syria,,Q858,,,
Syrian government,652,Syria,,Q858,,,
Free Syrian Army,652,Syria,1,Q858819,,,
Ahrar ash-Sham,,,,Q860943,,,
Mahdi Army,,,,Q861979,,,
Tajikistan,702,Tajikistan,,Q863,,,
Taiwan,713,Taiwan,,Q865,,,
Thailand,800,Thailand,,Q869,,,
Turkmenistan,701,Turkmenistan,,Q874,,,
UAE,696,United Arab Emirates,,Q878,,,
United Arab Emirates,696,United Arab Emirates,,Q878,,,
Vietnam,816,Vietnam,,Q881,,,
ROK forces in Iraq,645,Iraq,1,Q884,,,
South Korea,732,South Korea,,Q884,,,
Afghanistan,700,Afghanistan,,Q889,,,
Islamic Republic of Afghanistan,700,Afghanistan,,Q889,,,
US-led coalition,2,United States,1,Q8963018,,,
Multi-National Force – Iraq,645,Iraq,1,Q8963018,,,
Multinational forces in Iraq,645,Iraq,1,Q8963018,,,
MNF-I,,,,Q8963018,,,
Iraqi Army,645,Iraq,,Q897614,,,
New Iraqi Army,645,Iraq,,Q897614,,,
Bangladesh,771,Bangladesh,,Q902,,,
Transnistria,,,,Q907112,,,
Mali,432,Mali,,Q912,,,
Brunei,835,Brunei,,Q921,,,
United States Army,2,United States,,Q9212,,,
Galmudug,,,,Q927467,,,
Philippines,840,Philippines,,Q928,,,
Republic of the Philippines,840,Philippines,,Q928,,,
Philippine Government,,,,Q928,,,
Central African Republic,482,Central African Republic,,Q929,,,
Kurdish Region,,,,Q932728,,,
Kurdistan Region,,,,Q932728,,,
Peshmerga,,,,Q932728,,,
Iraqi National Congress,645,Iraq,,Q940293,,,
Togo,461,Togo,,Q945,,,
United Somali Congress,,,,Q946770,,,
Tunisia,616,Tunisia,,Q948,,,
Zimbabwe,552,Zimbabwe,,Q954,,,
South Sudan,626,South Sudan,,Q958,,,
Mexico,70,Mexico,,Q96,,,
Benin,434,Benin,,Q962,,,
Botswana,571,Botswana,,Q963,,,
Burkina Faso,439,Burkina Faso,,Q965,,,
Burundi,516,Burundi,,Q967,,,
Haqqani network,,,,Q972587,,,
Islamic Movement of Uzbekistan,704,Uzbekistan,1,Q973179,,,
Uzbek Islamic Movement,704,Uzbekistan,1,Q973179,,,
IMU,,,,Q973179,,,
Congo,484,Congo - Brazzaville,,Q974,,,
Democratic Republic of Congo,490,Congo - Kinshasa,,Q974,,,
Djibouti,522,Djibouti,,Q977,,,
Eritrea,531,Eritrea,,Q986,,,
Ansar al-Sharia - Morocco,600,Morocco,1,,1,,
Secret Islamic Army of Iraq,645,Iraq,1,,1,,"Belligerent in Second Battle of Fallujah alongside Al-Qaeda in iraq, Ansar al-Sunna, 1920 Revolution Brigade, etc"
Al-Hijra,,,,,1,,"Belligerent in War in Somalia (2009-) and Sinai insurgency. Possible subgroup of Al-Qaeda or, more specifically, Al-Shabaab"
Ansar al-Sharia - Yarmouk Area,,,,,1,,
Army of the Conqueror,,,,,1,,"Belligerent in Battle of Mosul (2004) alongside Al-Qaeda in Iraq, Ansar al-Sunna, Islamic Army in Iraq, etc"
Brigades of the Army of the Mustafa,,,,,1,,"Belligerent in Battle of Mosul (2004) alongside Al-Qaeda in Iraq, Ansar al-Sunna, Islamic Army in Iraq, etc"
Eastern Alliance,,,,,1,,"Refers to Karzai's government of Afghanistan, but no wiki page. Could code as just Afghanistan"
Fallujah Military Council,,,,,1,,Sunni faction during Iraq Civil War (2014-2017)
Gul Sharzai-led militia,,,,,1,,There is a page for Gul Agha Sherzai but not his militia
Hadrami Elite Force,,,,,1,,"Belligerent in Hadramaut Insurgency supported by the US, Yemen, and Saudi Arabia against AQAP and ISIL - Yemen"
Hadrami Elite Forces,,,,,1,,"Belligerent in Hadramaut Insurgency supported by the US, Yemen, and Saudi Arabia against AQAP and ISIL - Yemen"
IEHCA loyal to Muhammad Rasul,,,,,1,,Taliban splinter group during War in Afghanistan (2001-present) alongside Fidai Mahaz
Masked Brigade,,,,,1,,"Belmokhtar formed and commanded his own jihadist group, the Islamist al-Mulathameen (Masked) Brigade, or al-Mua'qi'oon Biddam (Those who Sign with Blood) Brigade. Like Wadoud, he continues to pledge allegiance to and take direction from al-Qaeda emir Ayman al-Zawahiri"
Misrata Military Council,,,,,1,,Local force in Libya that fought against ISIL and al-Qaeda
Popular Resistance in Hasakah,,,,,1,,Belligerent in Eastern Syria insurgency. Likely subgroup of Syrian government loyalists alongside Population Resistance of the Eastern Region and Popular Resistance in Manbij
Popular Resistance in Manbij,,,,,1,,Belligerent in Eastern Syria insurgency. Likely subgroup of Syrian government loyalists alongside Population Resistance of the Eastern Region and Popular Resistance in Hasakah
Popular Resistance Movement,,,,,1,,Might be the same as Popular Mobilization Forces
Revolutionaries in the Land of Deir ez-Zor,,,,,1,,Belligerent in Eastern Syria insurgency. Likely subgroup of Turkish-backed Free Syrian Army
SFP,,,,,1,,same as Soldiers of the Filipino People
Soldiers of the Filipino People,,,,,1,,same as SFP
Special Tasks Battalion,,,,,1,,Belligerent in Eastern Syria insurgency. Likely subgroup of Revolutionaries in the Land of Deir ez-Zor which is subgroup of Turkish-backed Free Syrian Army
Tehreek-e-Khilafat,,,,,1,,Belligerent in Insurgency in Khyber Pakhtunkhwa. Likely subgroup of Islamic State of Iraq and the Levant - Khorasan Province
Thar Allah,,,,,1,,"Belligerent in Battle of Basra alongside Mahdi Army, Special Groups, and Fadhila Militia"
Ubqa ibn Nafi Brigade,,,,,1,,"Belligerent in Insurgency in the Maghreb (2002-present) alongside GSPC, AQIM, Boko Haram, etc. Appears to be splinter group of al-Qaeda in the Islamic Maghreb"
pro-Ethiopian faction leaders,530,Ethiopia,1,,,1,
Iraqi Insurgency,645,Iraq,1,,,1,
Iraqi insurgency,645,Iraq,1,,,1,
Iraqi insurgents,645,Iraq,1,,,1,
Iraqi Insurgents,645,Iraq,1,,,1,
Iraqi Opposition,645,Iraq,1,,,1,"Time period determines what we should use for this. Pre-2003, this term refers to anti-Saddam Hussein. Post-2001, it's anti-US"
Other Iraqi insurgents,645,Iraq,1,,,1,
Other Iraqi Insurgents,645,Iraq,1,,,1,
other Iraqi insurgents,645,Iraq,1,,,1,
possibly Iraqi tribesmen,645,Iraq,1,,,1,
Rogue elements among the Iraqi security forces,645,Iraq,1,,,1,
Syrian government loyalists,652,Syria,,,,1,
Saudi-paid Yemeni mercenaries,679,Yemen,1,,,1,
loyal Afghan fighters,700,Afghanistan,1,,,1,
Other Anti-Afghan government forces,700,Afghanistan,1,,,1,
All Various Terrorists and Insurgent,,,,,,1,
Anti-Coalition/Government forces,,,,,,1,
Coalition forces,,,,,,1,
Foreign fighters,,,,,,1,
Foreign mercenaries,,,,,,1,
foreign mujahideen,,,,,,1,
Foreign Mujahideen,,,,,,1,
Former Jihadist groups,,,,,,1,
Insurgents,,,,,,1,
Insurgents/Civilians,,,,,,1,
ISIL-aligned groups,,,,,,1,
Islamist,,,,,,1,
Islamist lone wolves,,,,,,1,
Islamists,,,,,,1,
Jihadist groups,,,,,,1,
Local anti-coalition militants,,,,,,1,
Local militias,,,,,,1,
Local militias and vigilantes,,,,,,1,
Local Sunni Militias,,,,,,1,
Militant Groups,,,,,,1,
Militia,,,,,,1,
NA,,,,,,1,
other allied groups,,,,,,1,
Other coalition forces,,,,,,1,
Other insurgent groups and militias,,,,,,1,
Other Insurgents,,,,,,1,
Other insurgents,,,,,,1,
Other loyalists,,,,,,1,
other militias,,,,,,1,
Other Sunni insurgents,,,,,,1,
Other Sunni insurgents and militia,,,,,,1,
Pirates,,,,,,1,
Private security contractors,,,,,,1,
Pro-Islamist militias,,,,,,1,
Pro-opposition tribes,,,,,,1,
rebels,,,,,,1,
Shia insurgents,,,,,,1,
Shia tribes,,,,,,1,
Sufi groups,,,,,,1,
Sunni insurgents,,,,,,1,
Sunni mujahideen,,,,,,1,
Sunni tribes,,,,,,1,
Taliban splinter groups,,,,,,1,
Taliban-aligned groups,,,,,,1,
Tobruk-based,,,,,,1,
Tripoli-based,,,,,,1,
Various self-defense groups and tribal militias,,,,,,1,
Qasem Soleimani,,,,Q892014,,,