"","wikidata_name","wikidata_id","icb","imi","mids","mip","mips","prio","rand","allen","horowitz","MONSTr"
"1","Operation Sky Monitor","Q1000306","0","0","0","0","0","0","0","0","0",1
"2","War in Somalia (2009–)","Q1052332","0","0","0","0","0","0","0","0","0",1
"3","February 2021 United States airstrike in Syria","Q105707091","0","0","0","0","0","0","0","0","0",1
"4","War in Somalia (2006-2009)","Q1072042","0","0","0","0","0","0","0","0","0",1
"5","June 2021 United States airstrike in Syria","Q107504334","0","0","0","0","0","0","0","0","0",1
"6","2009 Baraawe raid","Q10751263","0","0","0","0","0","0","0","0","0",1
"7","2003 invasion of Iraq","Q107802","0","0","1","0","0","0","0","0","0",1
"8","NATO intervention in Bosnia and Herzegovina","Q1091051","0","0","0","1","0","0","0","0","0",1
"9","Operation Cobra's Anger","Q1128855","0","0","0","0","0","0","0","0","0",1
"10","Granai airstrike","Q1136783","0","0","0","0","0","0","0","0","0",1
"11","Iraqi Kurdish Civil War","Q1154912","0","0","0","0","0","0","0","0","1",1
"12","Operation Bull Run","Q11798527","0","0","0","0","0","0","0","0","0",1
"13","Operation Enduring Freedom – Horn of Africa","Q1195810","0","0","0","1","0","0","0","0","0",1
"14","Moro conflict","Q1225409","0","0","0","0","0","0","0","0","0",1
"15","Miramshah airstrike","Q12327344","0","0","0","0","0","0","0","0","0",1
"16","Operation Halmazag","Q1234017","0","0","0","0","0","0","0","0","0",1
"17","drone attacks in Pakistan","Q1260080","0","0","1","1","0","0","0","0","0",1
"18","drone strikes in Pakistan","Q1260080","0","0","1","1","0","0","0","0","0",1
"19","Counterinsurgency in Northern Afghanistan","Q1312389","0","0","0","0","0","0","0","0","0",1
"20","Bombing of Iraq","Q1327861","0","0","0","0","0","0","1","0","0",1
"21","Dhusamareb airstrike","Q1328419","0","0","0","0","0","0","0","0","0",1
"22","Second Battle of Fallujah","Q1330136","0","0","0","0","0","0","0","0","0",1
"23","Gulf War","Q13408125","0","0","0","0","0","0","0","1","0",1
"24","Gulf War","Q13408125","0","0","0","0","0","0","0","0","1",1
"25","Operation Red Dagger","Q1379863","0","0","0","0","0","0","0","0","0",1
"26","Battle of 73 Easting","Q1402530","0","0","0","0","0","0","0","0","0",1
"27","Iraq disarmament crisis","Q1433190","0","0","1","0","0","0","1","0","0",1
"28","Bangui Agreements","Q14646592","0","1","0","0","0","0","0","0","0",1
"29","Operation Eagle Eye","Q1466872","0","0","0","0","0","0","0","0","0",1
"30","Operation Anaconda","Q1476042","0","0","0","0","0","0","0","0","0",1
"31","First Liberian Civil War","Q1477500","0","0","0","0","0","0","1","0","0",1
"32","Battle of Chora","Q1485258","0","0","0","0","0","0","0","0","0",1
"33","Chechen–Russian conflict","Q14947002","0","0","0","0","0","0","0","0","0",1
"34","2013 Syrian Kurdish–Islamist conflict","Q15109939","0","0","0","0","0","0","0","0","0",1
"35","Operation Harekate Yolo","Q1511923","0","0","0","0","0","0","0","0","0",1
"36","Operation Karez","Q1518797","0","0","0","0","0","0","0","0","0",1
"37","War in Afghanistan","Q1519107","0","0","0","0","0","0","0","1","0",1
"38","September 2012 raid on Camp Bastion","Q15276208","0","0","0","0","0","0","0","0","0",1
"39","1999 East Timorese crisis","Q152848","0","0","0","1","0","0","0","0","0",1
"40","Islamic Front–Free Syrian Army conflict","Q15303938","0","0","0","0","0","0","0","0","0",1
"41","First Battle of Fallujah","Q1537159","0","0","0","0","0","0","0","0","0",1
"42","International Security Assistance Force","Q155654","0","1","0","0","0","0","1","0","0",1
"43","NATO bombing of Yugoslavia","Q155723","0","0","1","1","0","0","1","0","0",1
"44","Islamist insurgency in Nigeria","Q1569328","0","0","0","1","0","0","1","0","0",1
"45","Boko Haram insurgency","Q1569328","0","0","0","1","0","0","1","0","0",1
"46","Operation Cyclone","Q1585785","0","0","0","0","0","0","0","0","0",1
"47","Yemeni Crisis","Q15946570","0","0","0","0","0","0","0","0","0",1
"48","Kosovo Force","Q159470","0","0","0","1","0","0","1","0","0",1
"49","Operation Deliberate Force","Q160774","0","0","0","0","0","0","0","0","0",1
"50","Civil conflict in the Philippines","Q16146546","0","0","0","0","0","0","0","0","0",1
"51","Operation Achilles","Q1616794","0","0","0","0","0","0","0","0","0",1
"52","Operation Desert Shield","Q16208641","0","0","0","0","0","0","0","0","0",1
"53","Operation United Shield","Q16250538","0","0","0","0","0","0","1","0","0",1
"54","Battle of Medina Ridge","Q1634629","0","0","0","0","0","0","0","0","0",1
"55","African Union Mission to Somalia","Q1641888","0","0","0","1","0","0","0","0","0",1
"56","Operation Viking Hammer","Q1678616","0","0","0","0","0","0","0","0","0",1
"57","Dubrava Prison bombings and executions","Q16836125","0","0","0","0","0","0","0","0","0",1
"58","Libyan civil war (2014–)","Q16911838","0","0","0","0","0","0","0","0","0",1
"59","Operation Marne Courageous","Q16931346","0","0","0","0","0","0","0","0","0",1
"60","Operation Mawtini","Q16932796","0","0","0","0","0","0","0","0","0",1
"61","Operation Phantom Strike","Q1697088","0","0","0","0","0","0","0","0","0",1
"62","2013 raid on Barawe","Q17000965","0","0","0","0","0","0","0","0","0",1
"63","Attack on Bari Alai","Q17182139","0","0","0","0","0","0","0","0","0",1
"64","Sectarian violence in Iraq (2006–2008)","Q17183365","0","0","0","0","0","0","0","0","0",1
"65","spillover of the Syrian Civil War","Q17272643","0","0","0","0","0","0","0","0","0",1
"66","Battle of Tikrit","Q17286795","0","0","0","0","0","0","0","0","0",1
"67","Operation Imposing Law","Q1747422","0","0","0","0","0","0","0","0","0",1
"68","military intervention against ISIL","Q17507684","0","0","0","0","0","0","1","0","0",1
"69","Arab Winter","Q17512479","0","0","0","0","0","0","0","0","0",1
"70","Battle for Mosul Dam","Q17573637","0","0","0","0","0","0","0","0","0",1
"71","Battle of Baiji (2014–15)","Q17621839","0","0","0","0","0","0","0","0","0",1
"72","Operation Medusa","Q1763044","0","0","0","0","0","0","0","0","0",1
"73","United Nations Operation in Somalia II","Q1778229","0","0","0","1","0","0","0","0","0",1
"74","Cruise missile strikes on Iraq","Q1781133","1,0","0,0","0,1","0,0","1,0","0,0","1,0","0","0",1
"75","Syrian Civil War","Q178810","0","0","0","0","0","0","0","0","0",1
"76","Insurgency in Khyber Pakhtunkhwa","Q179275","0","0","0","0","0","0","0","0","0",1
"77","Iraqi Civil War (2014–2017)","Q17984356","0","0","0","0","0","0","0","0","0",1
"78","Northern Iraq offensive","Q17984373","0","0","0","0","0","0","0","0","0",1
"79","Siege of Amirli","Q17984925","0","0","0","0","0","0","0","0","0",1
"80","Battle of Baghdad (2003)","Q1804983","0","0","0","0","0","0","0","0","0",1
"81","American-led intervention in Syria","Q18121212","1","0","0","1","0","0","1","0","0",1
"82","Operation Indian Ocean","Q18128999","0","0","0","0","0","0","0","0","0",1
"83","Battle of Suq al Ghazi","Q18148976","0","0","0","0","0","0","0","0","0",1
"84","Bosnian War","Q181533","0","1","0","0","1","0","0","0","0",1
"85","American-led intervention in Iraq (2014–present)","Q18159629","0","0","0","0","0","0","0","0","0",1
"86","Dai Hong Dan incident","Q18204694","0","0","0","0","0","0","0","0","0",1
"87","Turkish involvement in the Syrian Civil War","Q18208094","0","0","0","0","0","0","0","0","0",1
"88","War in Afghanistan","Q182865","1","1","1","1","1","0","1","1","0",1
"89","Operation Inherent Resolve","Q18357664","0","0","0","1","0","0","0","0","0",1
"90","Operation Vigilant Warrior","Q1838811","1","1","1","0","1","0","1","0","0",1
"91","religious violence in Nigeria","Q18393989","0","0","0","0","0","0","0","0","0",1
"92","2009 Kunduz airstrike","Q1848486","0","0","0","0","0","0","0","0","0",1
"93","War on Terror","Q185729","0","1","1","0","0","1","0","0","0",1
"94","Battle of BIAP (2004)","Q18639119","0","0","0","0","0","0","0","0","0",1
"95","Battle of Al Kut (2003)","Q18639484","0","0","0","0","0","0","0","0","0",1
"96","Derna campaign (2014–16)","Q18639765","0","0","0","0","0","0","0","0","0",1
"97","Resolute Support Mission","Q18651204","0","0","0","0","0","0","1","0","0",1
"98","Libyan Crisis","Q18702324","0","0","0","0","0","0","0","0","0",1
"99","Battle of Hillah (2003)","Q18712789","0","0","0","0","0","0","0","0","0",1
"100","Kosovo War","Q190029","1","0","1","1","1","0","1","1","0",1
"101","Battle of Al Faw (2003)","Q1930510","0","0","0","0","0","0","0","0","0",1
"102","Second Battle of Tikrit","Q19407785","0","0","0","0","0","0","0","0","0",1
"103","Al-Hasakah offensive","Q19428973","0","0","0","0","0","0","0","0","0",1
"104","Battle of Kuwait International Airport","Q19428991","0","0","0","0","0","0","0","0","0",1
"105","Salahuddin campaign","Q19574810","0","0","0","0","0","0","0","0","0",1
"106","United States invasion of Afghanistan","Q19646470","0","0","0","0","0","0","0","0","0",1
"107","Saudi Arabian-led intervention in Yemen","Q19682450","0","0","0","0","0","0","0","0","0",1
"108","Yemeni Civil War (2015-present)","Q19686631","0","0","0","0","0","0","0","0","0",1
"109","Battle of Sarrin (March–April 2015)","Q19691931","0","0","0","0","0","0","0","0","0",1
"110","Battle of Al-Qa'im","Q1975663","0","0","0","0","0","0","0","0","0",1
"111","Battle of Baiji (October–November 2014)","Q19799151","0","0","0","0","0","0","0","0","0",1
"112","Banja Luka incident","Q1984410","0","0","0","0","0","0","0","0","0",1
"113","Al-Karmah offensive (2015)","Q19864219","0","0","0","0","0","0","0","0","0",1
"114","Operation Ocean Shield","Q2001981","0","0","0","0","0","0","0","0","0",1
"115","Al-Hasakah offensive","Q20050670","0","0","0","0","0","0","0","0","0",1
"116","Al-Hasakah city offensive (June 2015)","Q20241081","0","0","0","0","0","0","0","0","0",1
"117","Operation Dragon Strike","Q2026053","0","0","0","0","0","0","0","0","0",1
"118","Operation Marne Torch","Q2026187","0","0","0","0","0","0","0","0","0",1
"119","Operation Northern Watch","Q2026233","0","0","0","0","0","0","1","0","0",1
"120","Operation Oqab","Q2026247","0","0","0","0","0","0","0","0","0",1
"121","Operation Phantom Phoenix","Q2026267","0","0","0","0","0","0","0","0","0",1
"122","Operation Phantom Thunder","Q2026272","0","0","0","0","0","0","0","0","0",1
"123","Operation Plymouth Rock","Q2026278","0","0","0","0","0","0","0","0","0",1
"124","Operation Rock Avalanche","Q2026322","0","0","0","0","0","0","0","0","0",1
"125","Operation Southern Watch","Q2026406","0","0","1","1","1","0","1","0","0",1
"126","Operation Uphold Democracy","Q2026486","1","1","1","1","1","0","1","0","0",1
"127","Mosul offensive (2015)","Q20647259","0","0","0","0","0","0","0","0","0",1
"128","Battle of Najaf (2003)","Q2068122","0","0","0","0","0","0","0","0","0",1
"129","Amiriyah shelter bombing","Q2071090","0","0","0","0","0","0","0","0","0",1
"130","Battle of Sarrin (June–July 2015)","Q20715216","0","0","0","0","0","0","0","0","0",1
"131","Turkey–ISIL conflict","Q20743978","0","0","0","0","0","0","0","0","0",1
"132","Shah Wali Kot Offensive","Q2083522","0","0","0","0","0","0","0","0","0",1
"133","May 2015 U.S. special forces raid in Syria","Q20860131","0","0","0","0","0","0","0","0","0",1
"134","Battle of Kunduz","Q21030182","0","0","0","0","0","0","0","0","0",1
"135","Russian military support in the Syrian Civil War","Q21032720","0","0","0","0","0","0","0","0","0",1
"136","Kunduz hospital airstrike","Q21057198","0","0","0","0","0","0","0","0","0",1
"137","2011 military intervention in Libya","Q210714","0","0","0","0","0","0","0","0","0",1
"138","Operation Freedom's Sentinel","Q21296923","0","0","0","1","0","0","1","0","0",1
"139","Al-Hawl Offensive (2015)","Q21405560","0","0","0","0","0","0","0","0","0",1
"140","piracy off the coast of Somalia","Q214451","0","0","0","0","0","0","0","0","0",1
"141","November 2015 Sinjar offensive","Q21472342","0","0","0","0","0","0","0","0","0",1
"142","Battle of Ramadi (2015–16)","Q21685887","0","0","0","0","0","0","0","0","0",1
"143","Nineveh Plains offensive","Q21814411","0","0","0","0","0","0","0","0","0",1
"144","Tishrin Dam offensive","Q21860041","0","0","0","0","0","0","0","0","0",1
"145","Battle of Umm Qasr","Q2237268","0","0","0","0","0","0","0","0","0",1
"146","Battle of Tora Bora","Q2237280","0","0","0","0","0","0","0","0","0",1
"147","Battle of Baqubah","Q2237337","0","0","0","0","0","0","0","0","0",1
"148","Operation Provide Comfort","Q2281470","0","0","0","0","1","0","1","0","0",1
"149","operation Provide Comfort","Q2281470","0","0","0","0","1","0","1","0","0",1
"150","Al-Shaddadi offensive (2016)","Q22894201","0","0","0","0","0","0","0","0","0",1
"151","Operation Tidal Wave II","Q22907504","0","0","0","0","0","0","0","0","0",1
"152","Anbar campaign (2015–16)","Q22935666","0","0","0","0","0","0","0","0","0",1
"153","Insurgency in Egypt","Q22935835","0","0","0","0","0","0","0","0","0",1
"154","Iran–Saudi Arabia proxy conflict","Q22948406","0","0","0","0","0","0","0","0","0",1
"155","Shabwah Governorate offensive","Q23022688","0","0","0","0","0","0","0","0","0",1
"156","2014 American raid in Libya","Q23022941","0","0","0","0","0","0","0","0","0",1
"157","Nangarhar Offensive (2016)","Q23039091","0","0","0","0","0","0","0","0","0",1
"158","Operation Larchwood 4","Q23043314","0","0","0","0","0","0","0","0","0",1
"159","Siege of Fallujah (2016)","Q23137890","0","0","0","0","0","0","0","0","0",1
"160","Battle of Hit (2016)","Q23403028","0","0","0","0","0","0","0","0","0",1
"161","Mosul offensive (2016)","Q23540783","0","0","0","0","0","0","0","0","0",1
"162","Manbij offensive","Q23701421","0","0","0","0","0","0","0","0","0",1
"163","Rojava conflict","Q2384201","0","0","0","0","0","0","0","0","0",1
"164","Battle of Al Mukalla (2016)","Q23935847","0","0","0","0","0","0","0","0","0",1
"165","Operation Harpoon (2002)","Q2396979","0","0","0","0","0","0","0","0","0",1
"166","Second Battle of Habbaniyah","Q24083362","0","0","0","0","0","0","0","0","0",1
"167","United States bombing of the Chinese embassy in Belgrade","Q2418042","0","0","0","0","0","0","0","0","0",1
"168","Battle of Fallujah (2016)","Q24205448","0","0","0","0","0","0","0","0","0",1
"169","Yugoslav Wars","Q242352","0","0","0","0","0","0","0","0","0",1
"170","Northern Raqqa offensive (May 2016)","Q24255637","0","0","0","0","0","0","0","0","0",1
"171","Somali Civil War","Q243620","0","0","0","0","0","0","0","0","0",1
"172","2016 Sirte offensive","Q24467647","0","0","0","0","0","0","0","0","0",1
"173","Battle of Barawala Kalay Valley","Q24905428","0","0","0","0","0","0","0","0","0",1
"174","Northern Aleppo offensive","Q25242026","0","0","0","0","0","0","0","0","0",1
"175","Operation Strike of the Sword","Q2549377","0","0","0","0","0","0","0","0","0",1
"176","Battle of Basra (2003)","Q2585300","0","0","0","0","0","0","0","0","0",1
"177","Operation Enduring Freedom – Trans Sahara","Q2602154","0","0","0","0","0","0","0","0","0",1
"178","Operation Enduring Freedom – Philippines","Q2631285","0","0","0","1","0","0","0","0","0",1
"179","Battle of al-Hasakah (2016)","Q26413779","0","0","0","0","0","0","0","0","0",1
"180","Battle of Kamdesh","Q2664174","0","0","0","0","0","0","0","0","0",1
"181","Operation Euphrates Shield","Q26690015","0","0","0","0","0","0","0","0","0",1
"182","December 2019 United States airstrikes in Iraq and Syria","Q26847124","0","0","0","1","0","0","0","0","0",1
"183","September 2016 Deir ez-Zor air raid","Q26945162","0","0","0","0","0","0","0","0","0",1
"184","2016 Dabiq offensive","Q27185813","0","0","0","0","0","0","0","0","0",1
"185","Operation Southern Focus","Q2739563","0","0","0","0","0","0","0","0","0",1
"186","Battle of Mosul (2016–17)","Q27429856","0","0","0","0","0","0","0","0","0",1
"187","Northern al-Bab offensive","Q27630575","0","0","0","0","0","0","0","0","0",1
"188","Raqqa campaign (2016–2017)","Q27761867","0","0","0","0","0","0","0","0","0",1
"189","Tarnak Farm incident","Q2783811","0","0","0","0","0","0","0","0","0",1
"190","Battle of al-Bab","Q27915277","0","0","0","0","0","0","0","0","0",1
"191","Palmyra offensive (December 2016)","Q27988133","0","0","0","0","0","0","0","0","0",1
"192","Tokhar airstrikes (2016)","Q28001554","0","0","0","0","0","0","0","0","0",1
"193","Battle of Firebase Anaconda","Q281145","0","0","0","0","0","0","0","0","0",1
"194","Koriša bombing","Q2813755","0","0","0","0","0","0","0","0","0",1
"195","Samurra Air Battle","Q28162754","0","0","0","0","0","0","0","0","0",1
"196","Attack on Ras Tanura","Q28162756","0","0","0","0","0","0","0","0","0",1
"197","2017 southern Syria offensive","Q28162889","0","0","0","0","0","0","0","0","0",1
"198","Battle of Boz Qandahari","Q28223860","0","0","0","0","0","0","0","0","0",1
"199","Al-Qaeda insurgency in Yemen","Q286436","0","0","0","1","0","0","0","0","0",1
"200","Raid on Yakla","Q28716912","0","0","0","0","0","0","0","0","0",1
"201","2004 Haitian coup d'état","Q2883469","0","1","0","0","0","0","0","0","0",1
"202","East Aleppo offensive","Q28846183","0","0","0","0","0","0","0","0","0",1
"203","Battle of Basra (2008)","Q2888122","0","0","0","0","0","0","0","0","0",1
"204","Battle of Dahaneh","Q2888379","0","0","0","0","0","0","0","0","0",1
"205","Fall of Kandahar","Q2888881","0","0","0","0","0","0","0","0","0",1
"206","Battle of the Karbala Gap (2003)","Q2888908","0","0","0","0","0","0","0","0","0",1
"207","Friendly fire incident at Sangin","Q2889117","0","0","0","0","0","0","0","0","0",1
"208","Fall of Mazar-i-Sharif","Q2889318","0","0","0","0","0","0","0","0","0",1
"209","Battle of Najaf (2004)","Q2889462","0","0","0","0","0","0","0","0","0",1
"210","Battle of Ramadi (2006)","Q2889747","0","0","0","0","0","0","0","0","0",1
"211","Battle of Shewan","Q2889960","0","0","0","0","0","0","0","0","0",1
"212","Battle of Wanat","Q2890373","0","0","0","0","0","0","0","0","0",1
"213","2017 al-Jinah airstrike","Q28983702","0","0","0","0","0","0","0","0","0",1
"214","Azizabad airstrike","Q2909596","0","0","0","0","0","0","0","0","0",1
"215","2017 Shayrat missile strike","Q29197866","0","0","0","0","0","0","0","0","0",1
"216","Battle of Tabqa Dam","Q29258911","0","0","0","0","0","0","0","0","0",1
"217","Diyala campaign","Q2935362","0","0","0","0","0","0","0","0","0",1
"218","2017 Nangarhar airstrike","Q29385187","0","0","0","0","0","0","0","0","0",1
"219","2017 Mosul airstrike","Q29524697","0","0","0","0","0","0","0","0","0",1
"220","Action of 18 March 2006","Q2984712","0","0","0","0","0","0","0","0","0",1
"221","2017 Baghdad–Damascus highway offensive","Q29991963","0","0","0","0","0","0","0","0","0",1
"222","Western Nineveh offensive (2017)","Q30014900","0","0","0","0","0","0","0","0","0",1
"223","Raid on Al Hathla","Q30089867","0","0","0","0","0","0","0","0","0",1
"224","Battle of Raqqa (2017)","Q30140821","0","0","0","0","0","0","0","0","0",1
"225","Siege of Sangin","Q3030036","0","0","0","0","0","0","0","0","0",1
"226","Operation Hammer (Afghanistan)","Q3030335","0","0","0","0","0","0","0","0","0",1
"227","Battle of Tora Bora (2017)","Q30304278","0","0","0","0","0","0","0","0","0",1
"228","2017 Sangin airstrike","Q30323833","0","0","0","0","0","0","0","0","0",1
"229","Operation Hammer Down","Q30589255","0","0","0","0","0","0","0","0","0",1
"230","2017 raid on Barii","Q30625807","0","0","0","0","0","0","0","0","0",1
"231","Hadramaut Insurgency","Q30682487","0","0","0","0","0","0","0","0","0",1
"232","Fall of Sangin","Q30686667","0","0","0","0","0","0","0","0","0",1
"233","list of United States attacks on Syria during the Syrian Civil War","Q30688615","0","0","0","0","0","0","0","0","0",1
"234","Stabilisation Force in Bosnia and Herzegovina","Q313440","0","0","0","0","0","0","1","0","0",1
"235","SFOR","Q313440","0","0","0","0","0","0","1","0","0",1
"236","Implementation Force","Q313577","0","0","0","0","0","0","1","0","0",1
"237","2001 uprising in Herat","Q3152953","0","0","0","0","0","0","0","0","0",1
"238","Battle of Qala-i-Jangi","Q3180637","0","0","0","0","0","0","0","0","0",1
"239","Operation Maritime Monitor","Q321054","0","0","0","0","0","0","0","0","0",1
"240","Abyan conflict","Q32634886","0","0","0","0","0","0","0","0","0",1
"241","Operation Enduring Freedom","Q326668","0","0","0","0","0","0","0","0","0",1
"242","Operation Unified Protector","Q3269455","0","0","0","0","0","0","1","0","0",1
"243","Battle of Košare","Q3303959","0","0","0","0","0","0","0","0","0",1
"244","1999 F-117A shootdown","Q335259","0","0","0","0","0","0","0","0","0",1
"245","Operation Augurs of Prosperity","Q3354646","0","0","0","0","0","0","0","0","0",1
"246","Operation Black Eagle","Q3354655","0","0","0","0","0","0","0","0","0",1
"247","Operation Desert Thunder","Q3354687","0","0","0","0","1","0","1","0","0",1
"248","Operation Eagle's Summit","Q3354694","0","0","0","0","0","0","0","0","0",1
"249","Operation Jacana","Q3354735","0","0","0","0","0","0","0","0","0",1
"250","Operation Kaika","Q3354740","0","0","0","0","0","0","0","0","0",1
"251","Operation Panther's Claw","Q3354803","0","0","0","0","0","0","0","0","0",1
"252","Operation Red Wings","Q3354826","0","0","0","0","0","0","0","0","0",1
"253","Operation Septentrion","Q3354840","0","0","0","0","0","0","0","0","0",1
"254","Arab Spring","Q33761","0","0","0","0","0","0","0","0","0",1
"255","Battle of Panjwaii","Q3401917","0","0","0","0","0","0","0","0","0",1
"256","Operation Rhino","Q3417667","0","0","0","0","0","0","0","0","0",1
"257","Operation Gothic Serpent","Q3428977","0","0","0","0","0","0","0","0","0",1
"258","Siege of Kunduz","Q3485911","0","0","0","0","0","0","0","0","0",1
"259","Siege of Sadr City","Q3486016","0","0","0","0","0","0","0","0","0",1
"260","Battle of Wadi Al-Batin","Q3636251","0","0","0","0","0","0","0","0","0",1
"261","Battle of Al Busayyah","Q3636316","0","0","0","0","0","0","0","0","0",1
"262","Battle of Norfolk","Q3636553","0","0","0","0","0","0","0","0","0",1
"263","Battle of Phase Line Bullet","Q3636571","0","0","0","0","0","0","0","0","0",1
"264","Combined Joint Task Force – Horn of Africa","Q3684016","0","0","0","0","0","0","1","0","0",1
"265","Gulf War","Q37643","1","1","1","1","1","0","1","1","0",1
"266","Gulf War","Q37643","1","1","1","1","1","0","1","0","1",1
"267","Operation Red Dawn","Q3780506","0","0","0","0","0","0","0","0","0",1
"268","Battle of Alasay","Q385546","0","0","0","0","0","0","0","0","0",1
"269","Damadola airstrike","Q3893040","0","0","0","0","0","0","0","0","0",1
"270","Operation Observant Compass","Q39207593","0","0","0","1","0","0","0","0","0",1
"271","Deir ez-Zor offensive","Q39899474","0","0","0","0","0","0","0","0","0",1
"272","Hawija offensive (2017)","Q40532579","0","0","0","0","0","0","0","0","0",1
"273","Conflicts in the Horn of Africa","Q40719","0","0","0","0","0","0","0","0","0",1
"274","Battle of Samarra (2004)","Q4087318","0","0","0","0","0","0","0","0","0",1
"275","Battle of Haditha Dam","Q40889886","0","0","0","0","0","0","0","0","0",1
"276","Niš cluster bombing","Q4093050","0","0","0","0","0","0","0","0","0",1
"277","Battle of Karbala (2003)","Q4178089","0","0","0","0","0","0","0","0","0",1
"278","2003 attack on Karbala","Q4276950","0","0","0","0","0","0","0","0","0",1
"279","Operation Peninsula Strike","Q4335239","0","0","0","0","0","0","0","0","0",1
"280","North Borneo dispute","Q4438024","0","0","0","0","0","0","0","0","0",1
"281","NATO bombing of the Radio Television of Serbia headquarters","Q4475947","0","0","0","0","0","0","0","0","0",1
"282","1989 Philippine coup attempt","Q4585384","0","1","0","1","0","0","0","0","0",1
"283","1991 Haitian coup d'état","Q4586873","0","0","0","0","0","0","1","0","0",1
"284","United States invasion of Panama","Q459282","1","1","1","1","1","0","0","0","0",1
"285","NATO bombing of Novi Sad","Q4594928","0","0","0","0","0","0","0","0","0",1
"286","2001 Sayyd Alma Kalay airstrike","Q4599065","0","0","0","0","0","0","0","0","0",1
"287","2003 Lejay firefight","Q4601543","0","0","0","0","0","0","0","0","0",1
"288","2007 Helmand Province airstrikes","Q4608594","0","0","0","0","0","0","0","0","0",1
"289","2012 Kapisa airstrike","Q4625940","0","0","0","0","0","0","0","0","0",1
"290","Action of 1 April 2010","Q4677292","0","0","0","0","0","0","0","0","0",1
"291","Action of 28 October 2007","Q4677332","0","0","0","0","0","0","0","0","0",1
"292","Action of 3 June 2007","Q4677356","0","0","0","0","0","0","0","0","0",1
"293","Iraq conflict (2003–present)","Q47015896","0","0","0","0","0","0","0","0","0",1
"294","Al-Maajala camp attack","Q4702750","0","0","0","1","0","0","0","0","0",1
"295","Operation Sharp Guard","Q472398","0","0","1","0","0","0","0","0","0",1
"296","Operation Perth","Q4744313","0","0","0","0","0","0","0","0","0",1
"297","Operation Swarmer","Q477040","0","0","0","0","0","0","0","0","0",1
"298","Battle of Khasham","Q48150708","0","0","0","0","0","0","0","0","0",1
"299","Baghar China airstrike","Q4841775","0","0","0","0","0","0","0","0","0",1
"300","Baraki Barak airstrike","Q4858273","0","0","0","0","0","0","0","0","0",1
"301","Battle for Jalibah Airfield","Q4870165","0","0","0","0","0","0","0","0","0",1
"302","Battle of Abu Ghraib","Q4870210","0","0","0","0","0","0","0","0","0",1
"303","Battle of Ad-Dawrah","Q4870215","0","0","0","0","0","0","0","0","0",1
"304","Battle of Afghanya","Q4870218","0","0","0","0","0","0","0","0","0",1
"305","Battle of Al Kut","Q4870238","0","0","0","0","0","0","0","0","0",1
"306","Battle of Bargal (2007)","Q4870424","0","0","0","0","0","0","0","0","0",1
"307","Battle of Bubiyan","Q4870581","0","0","0","0","0","0","0","0","0",1
"308","Battle of Debecka Pass","Q4870854","0","0","0","0","0","0","0","0","0",1
"309","Battle of Diwaniya","Q4870879","0","0","0","0","0","0","0","0","0",1
"310","Battle of Do Ab","Q4870881","0","0","0","0","0","0","0","0","0",1
"311","Battle of Donkey Island","Q4870899","0","0","0","0","0","0","0","0","0",1
"312","Battle of Ebrahimkhel","Q4870947","0","0","0","0","0","0","0","0","0",1
"313","Battle of Ganjgal","Q4871076","0","0","0","0","0","0","0","0","0",1
"314","Battle of Garmsir","Q4871080","0","0","0","0","0","0","0","0","0",1
"315","Battle of Haditha","Q4871173","0","0","0","0","0","0","0","0","0",1
"316","Battle of Haifa Street","Q4871175","0","0","0","0","0","0","0","0","0",1
"317","Battle of Husaybah (2004)","Q4871257","0","0","0","0","0","0","0","0","0",1
"318","Bombing of Kandahar (2001)","Q4871376","0","0","0","0","0","0","0","0","0",1
"319","Battle of Khaz Oruzgan","Q4871421","0","0","0","0","0","0","0","0","0",1
"320","Battle of Mosul (2004)","Q4871794","0","0","0","0","0","0","0","0","0",1
"321","Battle of Najaf (2007)","Q4871848","0","0","0","0","0","0","0","0","0",1
"322","Battle of Nawzad","Q4871922","0","0","0","0","0","0","0","0","0",1
"323","Battle of Qurah and Umm al Maradim","Q4872147","0","0","0","0","0","0","0","0","0",1
"324","Battle of Ramadi (2004)","Q4872157","0","0","0","0","0","0","0","0","0",1
"325","Battle of Ras Kamboni","Q4872168","0","0","0","0","0","0","0","0","0",1
"326","Battle of Rumaila","Q4872216","0","0","0","0","0","0","0","0","0",1
"327","Battle of Samawah (2003)","Q4872256","0","0","0","0","0","0","0","0","0",1
"328","Battle of Sangin (2010)","Q4872292","0","0","0","0","0","0","0","0","0",1
"329","Battle of Sayyd Alma Kalay","Q4872330","0","0","0","0","0","0","0","0","0",1
"330","Battle of Shawali Kowt","Q4872366","0","0","0","0","0","0","0","0","0",1
"331","Battle of Shok Valley","Q4872371","0","0","0","0","0","0","0","0","0",1
"332","Battle of Takur Ghar","Q4872492","0","0","0","0","0","0","0","0","0",1
"333","Battle of Tarinkot","Q4872509","0","0","0","0","0","0","0","0","0",1
"334","Battle of Turki","Q4872608","0","0","0","0","0","0","0","0","0",1
"335","Battle of the Palm Grove","Q4872982","0","0","0","0","0","0","0","0","0",1
"336","American intervention in Libya","Q48731890","0","0","0","0","0","0","0","0","0",1
"337","1995 Pale air strikes","Q48799393","0","0","0","0","0","0","0","0","0",1
"338","NATO bombing of Albanian refugees near Gjakova","Q499623","0","0","0","0","0","0","0","0","0",1
"339","Chenagai airstrike","Q5091023","0","0","0","0","0","0","0","0","0",1
"340","2018 missile strikes against Syria","Q51844684","0","0","0","0","0","0","0","0","0",1
"341","1993 cruise missile strikes on Iraq","Q5189962","0","0","1","0","0","0","0","0","0",1
"342","Battle of Mogadishu (1993)","Q52226","0","0","0","0","0","0","0","0","0",1
"343","Datta Khel airstrike","Q5227745","0","0","0","0","0","0","0","0","0",1
"344","Haska Meyna wedding party airstrike","Q5252012","0","0","0","0","0","0","0","0","0",1
"345","Dobley airstrike","Q5286642","0","0","0","0","0","0","0","0","0",1
"346","Deir ez-Zor Governorate clashes (April 2018)","Q52941555","0","0","0","0","0","0","0","0","0",1
"347","Fall of Kabul","Q5432157","0","0","0","0","0","0","0","0","0",1
"348","2011 NATO attack in Pakistan","Q543279","0","0","0","0","0","0","0","0","0",1
"349","First and Second Battles of Kakarak","Q5454117","0","0","0","0","0","0","0","0","0",1
"350","Iraq War","Q545449","1","1","1","1","0","0","1","1","0",1
"351","foreign involvement in the Syrian civil war","Q5468411","0","0","0","0","0","0","0","0","0",1
"352","Operation Mountain Viper","Q5473413","0","0","0","0","0","0","0","0","0",1
"353","2008 Abu Kamal raid","Q553332","0","0","0","1","0","0","0","0","0",1
"354","American airstrikes in Somalia","Q55603824","0","0","0","0","0","0","0","0","0",1
"355","Gora Prai airstrike","Q5584353","0","0","0","0","0","0","0","0","0",1
"356","Grdelica train bombing","Q5598537","0","0","0","0","0","0","0","0","0",1
"357","Operation Deny Flight","Q567343","0","0","0","0","0","0","0","0","0",1
"358","Raid on Hazar Qadam","Q5687552","0","0","0","0","0","0","0","0","0",1
"359","Ethiopian–Somali conflict","Q5692053","0","0","0","0","0","0","0","0","0",1
"360","Helmand province campaign","Q5709231","0","0","0","0","0","0","0","0","0",1
"361","Timeline of the 2011–2012 Egyptian revolution","Q577539","0","0","0","0","0","0","0","0","0",1
"362","Iraqi insurgency (2017–present)","Q57890365","0","0","0","0","0","0","0","0","0",1
"363","Hyderabad airstrike","Q5953962","0","0","0","0","0","0","0","0","0",1
"364","Iraq War in Anbar Province","Q6067801","0","0","0","0","0","0","0","0","0",1
"365","Iraq spring fighting of 2004","Q6067924","0","0","0","0","0","0","0","0","0",1
"366","Iraq spring fighting of 2008","Q6067932","0","0","0","0","0","0","0","0","0",1
"367","Iraqi–Kurdish conflict","Q6068230","0","0","0","0","0","0","0","0","0",1
"368","December 2017 Chad Basin clash","Q60754741","0","0","0","0","0","0","0","0","0",1
"369","November 2017 Somalia airstrike","Q60755056","0","0","0","0","0","0","0","0","0",1
"370","Ja'Din shootdown incident","Q60756557","0","0","0","0","0","0","0","0","0",1
"371","Eastern Syria insurgency","Q60761563","0","0","0","0","0","0","0","0","0",1
"372","December 2018 airstrikes in Gandarshe","Q60765736","0","0","0","0","0","0","0","0","0",1
"373","Mohmand Valley raid","Q60770016","0","0","0","0","0","0","0","0","0",1
"374","Operation Mountain Thrust","Q609978","0","0","0","0","0","0","0","0","0",1
"375","Battle of Baghuz Fawqani","Q61843818","0","0","0","0","0","0","0","0","0",1
"376","Insurgency in the Maghreb (2002–)","Q632787","0","0","0","0","0","0","0","0","0",1
"377","Raid on Khataba","Q6400879","0","0","0","0","0","0","0","0","0",1
"378","Operation Steel Curtain","Q642100","0","0","0","0","0","0","0","0","0",1
"379","Korangal Valley campaign","Q6431406","0","0","0","0","0","0","0","0","0",1
"380","Raid on Kunar","Q6444187","0","0","0","0","0","0","0","0","0",1
"381","Kurdistan Islamist Conflict","Q6445800","0","0","0","0","0","0","0","0","0",1
"382","SY Quest incident","Q647100","0","0","0","0","0","0","0","0","0",1
"383","Laghman airstrikes","Q6472107","0","0","0","0","0","0","0","0","0",1
"384","Operation Observant Compass","Q65066391","0","0","0","0","0","0","1","0","0",1
"385","2003 Mosul raid","Q65074171","0","0","0","0","0","0","0","0","0",1
"386","Operation Mongoose (2003)","Q65076683","0","0","0","0","0","0","0","0","0",1
"387","Liberation of Kuwait campaign","Q6541036","0","0","0","0","0","0","0","0","0",1
"388","2019–20 Persian Gulf crisis","Q65920364","0","0","0","0","0","0","0","0","0",1
"389","Lužane bus bombing","Q6706905","0","0","0","0","0","0","0","0","0",1
"390","History of Iraq (2003–11)","Q6722016","0","0","0","0","0","0","0","0","0",1
"391","Mano Gai airstrike","Q6751071","0","0","0","0","0","0","0","0","0",1
"392","Night raid on Narang","Q6965344","0","0","0","0","0","0","0","0","0",1
"393","Nineveh campaign","Q7038210","0","0","0","0","0","0","0","0","0",1
"394","Operation Able Rising Force","Q7096724","0","0","0","0","0","0","0","0","0",1
"395","Operation Able Warrior","Q7096725","0","0","0","0","0","0","0","0","0",1
"396","Operation Airborne Dragon","Q7096734","0","0","0","0","0","0","0","0","0",1
"397","Operation Al Majid","Q7096735","0","0","0","0","0","0","0","0","0",1
"398","Operation Alljah","Q7096739","0","0","0","0","0","0","0","0","0",1
"399","Operation Arbead II","Q7096757","0","0","0","0","0","0","0","0","0",1
"400","Operation Ardennes","Q7096760","0","0","0","0","0","0","0","0","0",1
"401","Operation Asbury Park","Q7096764","0","0","0","0","0","0","0","0","0",1
"402","Operation Avalanche (Afghanistan)","Q7096775","0","0","0","0","0","0","0","0","0",1
"403","Operation Badlands","Q7096780","0","0","0","0","0","0","0","0","0",1
"404","Operation Bayonet Lightning","Q7096794","0","0","0","0","0","0","0","0","0",1
"405","Operation Bulldog Bite","Q7096856","0","0","0","0","0","0","0","0","0",1
"406","Operation Bulldog Mammoth","Q7096859","0","0","0","0","0","0","0","0","0",1
"407","Operation Champion Sword","Q7096884","0","0","0","0","0","0","0","0","0",1
"408","Operation Commando Eagle","Q7096918","0","0","0","0","0","0","0","0","0",1
"409","Operation Crescent Wind","Q7096941","0","0","0","0","0","0","0","0","0",1
"410","Operation Dagger","Q7096953","0","0","0","0","0","0","0","0","0",1
"411","Operation Defeat Al Qaeda in the North","Q7096967","0","0","0","0","0","0","0","0","0",1
"412","Operation Desert Farewell","Q7096973","0","0","0","0","0","0","0","0","0",1
"413","Operation Desert Spring","Q7096978","0","0","0","0","0","0","1","0","0",1
"414","Operation Desert Thrust","Q7096979","0","0","0","0","0","0","0","0","0",1
"415","Operation Desert Scorpion (Iraq 2003)","Q7096982","0","0","0","0","0","0","0","0","0",1
"416","Operation Dragon Fire East","Q7097002","0","0","0","0","0","0","0","0","0",1
"417","Operation Eagle Ares","Q7097017","0","0","0","0","0","0","0","0","0",1
"418","Operation Eagle Fury","Q7097022","0","0","0","0","0","0","0","0","0",1
"419","Operation Forsythe Park","Q7097057","0","0","0","0","0","0","0","0","0",1
"420","Operation Gaugamela","Q7097069","0","0","0","0","0","0","0","0","0",1
"421","Operation Guardian Tiger IV","Q7097106","0","0","0","0","0","0","0","0","0",1
"422","Operation Haven Denial","Q7097122","0","0","0","0","0","0","0","0","0",1
"423","Operation Instant Thunder","Q7097167","0","0","0","0","0","0","0","0","0",1
"424","Operation Iron Hammer (Iraq 2003)","Q7097172","0","0","0","0","0","0","0","0","0",1
"425","Operation Iron Hammer (Iraq 2005)","Q7097173","0","0","0","0","0","0","0","0","0",1
"426","Operation Iron Justice","Q7097175","0","0","0","0","0","0","0","0","0",1
"427","Operation Iron Triangle","Q7097176","0","0","0","0","0","0","0","0","0",1
"428","Operation Iron Saber","Q7097177","0","0","0","0","0","0","0","0","0",1
"429","Operation Ivy Blizzard","Q7097180","0","0","0","0","0","0","0","0","0",1
"430","Operation Leyte Gulf","Q7097226","0","0","0","0","0","0","0","0","0",1
"431","Operation Lion's Leap","Q7097238","0","0","0","0","0","0","0","0","0",1
"432","Operation Marlborough","Q7097269","0","0","0","0","0","0","0","0","0",1
"433","Operation Marne Avalanche","Q7097270","0","0","0","0","0","0","0","0","0",1
"434","Operation Mountain Resolve","Q7097302","0","0","0","0","0","0","0","0","0",1
"435","Operation Murfreesboro","Q7097303","0","0","0","0","0","0","0","0","0",1
"436","Operation New Market","Q7097325","0","0","0","0","0","0","0","0","0",1
"437","Operation Northern Delay","Q7097340","0","0","0","0","0","0","0","0","0",1
"438","Operation Panther Squeeze","Q7097371","0","0","0","0","0","0","0","0","0",1
"439","Operation Phantom Linebacker","Q7097388","0","0","0","0","0","0","0","0","0",1
"440","Operation Pickaxe-Handle","Q7097394","0","0","0","0","0","0","0","0","0",1
"441","Operation Planet X","Q7097399","0","0","0","0","0","0","0","0","0",1
"442","Operation Polar Tempest","Q7097403","0","0","0","0","0","0","0","0","0",1
"443","Operation Purple Haze","Q7097429","0","0","0","0","0","0","0","0","0",1
"444","Operation River Falcon","Q7097465","0","0","0","0","0","0","0","0","0",1
"445","Operation Saber Guardian","Q7097481","0","0","0","0","0","0","0","0","0",1
"446","Operation Sayeed","Q7097502","0","0","0","0","0","0","0","0","0",1
"447","Operation Scorpion","Q7097510","0","0","0","0","0","0","0","0","0",1
"448","Operation Secure Tomorrow","Q7097528","0","0","0","1","0","0","1","0","0",1
"449","Operation Shurta Nasir","Q7097544","0","0","0","0","0","0","0","0","0",1
"450","Operation Spear","Q7097569","0","0","0","0","0","0","0","0","0",1
"451","Operation Squeeze Play","Q7097575","0","0","0","0","0","0","0","0","0",1
"452","Operation Stampede 3","Q7097577","0","0","0","0","0","0","0","0","0",1
"453","Operation Tar Heels","Q7097613","0","0","0","0","0","0","0","0","0",1
"454","Operation Tiger Hammer","Q7097639","0","0","0","0","0","0","0","0","0",1
"455","Operation Together Forward","Q7097646","0","0","0","0","0","0","0","0","0",1
"456","Operation Valiant Guardian","Q7097682","0","0","0","0","0","0","0","0","0",1
"457","Operation Valiant Strike","Q7097684","0","0","0","0","0","0","0","0","0",1
"458","Operation Vigilant Sentinel","Q7097689","0","0","0","0","0","0","1","0","0",1
"459","Operation Warrior's Rage","Q7097703","0","0","0","0","0","0","0","0","0",1
"460","Operation Warrior Sweep","Q7097704","0","0","0","0","0","0","0","0","0",1
"461","Operation Whalers","Q7097713","0","0","0","0","0","0","0","0","0",1
"462","Oruzgan police station attack of January 2002","Q7105180","0","0","0","0","0","0","0","0","0",1
"463","Package Q Strike","Q7122885","0","0","0","0","0","0","0","0","0",1
"464","Pakistan–United States skirmishes","Q7125993","0","0","0","0","0","0","0","0","0",1
"465","Battle of Khafji","Q718770","0","0","0","0","0","0","0","0","0",1
"466","Battle of Nasiriyah","Q718851","0","0","0","0","0","0","0","0","0",1
"467","Barisha raid","Q72587856","0","0","0","0","0","0","0","0","0",1
"468","Rescue of Jessica Buchanan and Poul Hagen Thisted","Q7315022","0","0","0","1","0","0","0","0","0",1
"469","2010 Sangin airstrike","Q7418013","0","0","0","0","0","0","0","0","0",1
"470","Shrawangai Nazarkhel airstrike","Q7503440","0","0","0","0","0","0","0","0","0",1
"471","Siege of Musa Qala","Q7510253","0","0","0","0","0","0","0","0","0",1
"472","Sinai insurgency","Q7521684","0","0","0","0","0","0","0","0","0",1
"473","Arab–Iranian conflict","Q76327897","0","0","0","0","0","0","0","0","0",1
"474","terrorism in Egypt","Q7703930","0","0","0","0","0","0","0","0","0",1
"475","U.S. raid on the Iranian Liaison Office in Arbil","Q7863480","0","0","1","1","0","0","0","0","0",1
"476","Wech Baghtu wedding party airstrike","Q7979006","0","0","0","0","0","0","0","0","0",1
"477","2020 Baghdad International Airport airstrike","Q80754846","0","0","0","0","0","0","0","0","0",1
"478","2011 Libyan Civil War","Q81545","1","0","0","0","0","0","1","0","0",1
"479","Uruzgan helicopter attack","Q8207886","0","0","0","0","0","0","0","0","0",1
"480","Gulf War air campaign","Q8256467","0","0","0","1","0","0","0","0","0",1
"481","Operation Infinite Reach","Q837887","0","1","1","1","0","0","1","0","0",1
"482","cruise missile strikes on Afghanistan and Sudan","Q837887","0","1","1","1","0","0","1","0","0",1
"483","Operation Moshtarak","Q843588","0","0","0","0","0","0","0","0","0",1
"484","Insurgency in the North Caucasus","Q849563","0","0","0","0","0","0","0","0","0",1
"485","Operation Senior Surprise","Q85790978","0","0","0","0","0","0","0","0","0",1
"486","Operation Odyssey Dawn","Q878102","0","0","0","1","0","0","0","0","0",1
"487","Iraqi no-fly zones","Q899657","0","1","1","1","0","0","0","0","1",1
"488","Iraqi no-fly zones conflict","Q899657","0","1","1","1","0","0","0","0","0",1
"489","Operation Mountain Fury","Q909414","0","0","0","0","0","0","0","0","0",1
"490","Iraqi insurgency","Q926905","0","0","0","0","0","0","0","0","0",1
"491","Operation Maritime Guard","Q971510","0","0","0","0","0","0","0","0","0",1
"492","Battle of Tal Afar (2005)","Q972831","0","0","0","0","0","0","0","0","0",1
"493","January 1993 airstrikes on Iraq","Q105773263","0","0","0","0","0","0","0","0","0",1
"494","Battle of Karbala","Q4871388","0","0","0","0","0","0","0","0","0",1
"495","2009 Makeen airstrike ","Q4614248","0","0","0","0","0","0","0","0","0",1
"496","Battle of Farah","Q54321840","0","0","0","0","0","0","0","0","0",1
"497","Ghazni offensive","Q56085424","0","0","0","0","0","0","0","0","0",1
