case,MP,MPalph,stdate,enddate,location,localph,loc,intervention,styr,COW,MID,UCDP,sources,object,objcode,sq,outcome,attain,attain6mos,attain1yr,maintain,mpdem,target,sttarg,Talpha,targtyp,state,T_MP,coalition,counter,targhelp,colony,cont,interst,forcedescrip,forcetyp,numtrps,trpcat,trpsrc,grndtrps,grndcmbt,days,mnths,targ_init,mpcas,cas500,tarcas,prevint,attain3yrs,post_trps,mnf,notes
1,2,USA,28feb1948,16oct1949,Greece,GRC,350,Greek Civil War Counterinsurgency,1948,,,,CIM; REG02; MCLN; T91; BTW; AMH; DUP; REG; CLOD,maintain regime authority (after King Georgios re-instated),prop,1,prevailed,1,1,1,60,1,Communist guerilla movement,,,insurgents,0,0,1,0,1,0,0,0,"naval forces, advisors, equip, pilots",extensive air,800,1,1,0,0,596,20,0,3,0,50000,,1,,,"no combat troops but advisers went into combat - ""aggressive assistance"""
2,2,USA,27jun1950,01oct1950,S. Korea,ROK,732,Korean War--defense of South,1950,151,51,1380,CIM; WEIS; FAS; CLOD92,repel aggression; regain territ integ & govt. authrty of ROK,land,1,negotiated,1,1,1,60,1,N. Korea (DPRK),731,PRK,state,1,0,1,0,0,0,0,1,"air, sea, ground",ground combat,340833,4,3,1,1,96,4,0,5145,1,100000,1,1,1,,UNSC resolutions - 16 state effort; target aggressor; lrg trp presence post-inte
3,2,USA,01oct1950,27jul1953,N. Korea,PRK,731,Korean War--unification,1950,151,51,1380,CIM; WEIS; FAS; CLOD92; DLNK; DIOR,reunify North and South,land,0,withdrew,0,0,0,0,1,"N. Korea, China",731,PRK,state,1,0,1,1,1,0,0,1,"ground, sea?, air?",ground combat,440000,4,3,1,1,1030,33,0,32000,1,500000,1,0,1,,Oct 1950 - UN forces north of Yalu; 10/7 UN res - unify Korea; Eisenhower electe
4,2,USA,04sep1954,01may1955,Taiwan,TAW,713,First Taiwan Strait Crisis,1954,,2033,1350,IMI; CIM; DUP; FAS; ALL; STO,deter aggression v Taiwan/ Pescadore; evac T(D)achen Isls,prop,1,prevailed,1,1,1,39,1,China,710,CHN,state,1,1,0,0,0,0,0,1,7th Fleet; naval and air; nuclear threats,extensive air,15000,3,1,0,0,239,8,0,2,0,1200,1,1,1,0,"stdate?  combat-ready?, around 15,000 in 7th fleet"
5,2,USA,15jul1958,24oct1958,Lebanon,LEB,660,Operation Blue Bat,1958,650,,1630,BTW; NYT; FOF; T2001; IMI; CIM; COW,maintain regime (extrnl & intrnl thrts),prop,1,negotiated,1,1,1,60,1,"UAR (Syria), leftist insurgents",652,SYR,st&insurg,0,0,0,0,0,0,0,1,"grnd, 10K marines, airborne",ground combat,13000,3,1,1,1,101,3,0,2,0,1000,1,1,0,,no actual combat/  compromise govt.
6,2,USA,23aug1958,31dec1958,Taiwan,CHN,710,Second Taiwan Strait Crisis,1958,,173,1350,DUP; CIM; IMI; FAS; WRT; KEES; CLOD92; GS,"deter invasion of Taiwan, protect Taiwan/offshore isls",prop,1,negotiated,1,1,1,60,1,China,710,CHN,state,1,1,0,0,0,0,0,1,"6 aircrft carrier bttle grps, escort, arms",extensive air,20000,3,1,0,0,130,4,0,0,0,13000,1,1,1,0,st and enddates? continuing threat from China/ need to maintain US presence
7,2,USA,03jun1961,16nov1961,Dominican Rep,DOM,42,Post-Trujillo assasination,1961,,1801,,IMI; NYT; SLA; CIM; KAP,"create stable, dem, anti-communist regime/ reform Trujillos",policy,0,escalated,0,0,0,0,1,new Trujillista regime,42,DOM,state,1,0,0,0,0,0,0,0,"aircraft carriers, naval ships, Marines",display,3000,2,1,0,0,166,5,0,0,0,0,1,0,1,0,US first pressures for govt reform then resignation; domest/intl support
8,2,USA,16nov1961,30jan1962,Dominican Rep,DOM,42,Oust Trujillos,1961,,1801,,IMI; NYT; SLA; KEES; WRDA,"create stable, dem, anti-communist regime/ replace Trujillos",remove,0,completed,1,1,1,20,1,new Trujillista regime,42,DOM,state,1,0,0,0,0,0,0,0,"aircraft carriers, naval ships, Marines",display,1800,1,1,0,0,75,2,0,0,0,0,1,0,1,0,"after Trujillo uncles return, objective becomes replacement; coup 9/63"
9,2,USA,01feb1962,27jan1973,Vietnam,RVN,817,Second Indochina War,1962,163,,,IMI; KAR; BER; FAS; HER; CMH; DLNK,"maintain independent, non-Communist South Vietnam",prop,1,negotiated,1,1,1,22,1,NVA and VietCong,816,DRV,st&insurg,0,0,1,0,1,0,0,1,"air, sea, ground",ground combat,543482,4,1,1,1,4013,131,0,58209,1,927124,1,0,0,0,multiple escalations through 4/69
10,2,USA,16may1962,23jul1962,Thailand,THI,800,"Collapse of cease-fire: Nam Tha, Laos",1962,,3361,1650,IMI; FOF; DUP; HALL; BTW,defend Thailand; prevent further Pathet Lao/ N Viet advances; neutrality of Laos,prop,1,negotiated,1,1,1,46,1,"Pathet Lao, N. Vietnamese, PRC",816,DRV,st&insurg,0,0,0,0,1,0,0,1,naval task force & 5000 Marines (MEU),ground combat,5000,2,3,1,1,68,2,0,243,0,5000,0,1,0,,signal-no combat; govt collaps 1963/ renewed civil war May 1964; 1st obj?
11,2,USA,24oct1962,28oct1962,Cuba,CUB,40,Cuban Missile Crisis,1962,,,,CIM; BTW; NYT,coerce USSR into removing ballistic missiles from Cuba,policy,0,prevailed,1,1,1,60,1,USSR and Cuba (Castro),365,RUS,state,1,1,0,0,0,2,0,0,"aircraft carriers, ships, Marines, nuclear threat",display,15000,3,1,0,0,4,0,0,1,0,0,0,1,0,0,
12,2,USA,30apr1964,14aug1973,Laos,LAO,812,Laotian Government vs. Pathet Lao,1964,662,611,1650,T2001; CIM; CACCF; DUP; HER; KEES; JES89; CLOD92; GS,destroy Pathet Lao guerilla threat/ prevent communist takeover,prop,1,withdrew,0,0,0,0,1,"NVA, VC, and Pathet Lao",816,DRV,st&insurg,0,0,0,0,1,0,0,1,"massive bombing, close air support, limited grnd trps",extensive air,1040,1,1,0,0,3393,112,0,500,1,4900,1,0,0,0,"Tilemma stdate=6/8/64; # troops, extent; distinguish targets (NVA vs PL)"
13,2,USA,28apr1965,20sep1966,Dominican Rep,DOM,42,Operation Power Pack,1965,665,,,T2001; CIM; COW; FAS; WEIS; BTW; BERC; CLOD,"prevent Communist/ Castoite forces from seizing power, restore order",prop,1,prevailed,1,1,1,60,1,leftist opposition,,,rioters,0,0,0,0,0,0,0,0,"Marines, 82nd Airborne",ground combat,20463,3,1,1,1,510,17,0,47,0,600,1,1,1,1,"4/65 1200 Marines, 5/65 +20K"
14,2,USA,30apr1970,14aug1973,Cambodia,CAM,811,Cambodia vs. Khmer Rouge,1970,675,,2030,DUP; CIM; HER; SHAW; WOODUP; BTW; CLOD,maintain Lon Nol regime; prevent communist takeover,prop,1,prevailed,1,1,1,19,1,Khmer Rouge,,,insurgents,0,0,0,0,0,0,0,0,"close air support, massive bombing",extensive air,40000,4,1,0,0,1202,40,0,350,0,16000,1,0,0,0,"ongoing bomb cmpgn 3/69-8/73, grnd invas 4/70-7/70; trgt just NVA/VC until 4/70"
15,2,USA,10sep1970,25sep1970,Turkey,TUR,640,Jordan Crisis,1970,,1039,,QUA; CIM; BLEC; CLOD; GS,"maintain regime of King Hussein (Jordan), deter Syria & Iraq",prop,1,prevailed,1,1,1,60,1,"Palestinian fedayeen, Syria",652,SYR,st&insurg,0,0,0,0,0,0,0,1,"C-130s, 25 F-4s, ships, carriers",limited long,6681,2,1,0,0,15,0,0,0,0,,0,1,,0,threat of intervention/ no combat; Israel and Jordan more influential
16,2,USA,29sep1982,26feb1984,Lebanon,LEB,660,Lebanese Civil War Involvement,1982,,,1630,IMI; JESS; CIM; FAS; CDI; CLOD92; NYT; CQWK,maintain Gemayel regime/ support Leban army; protect MNF,prop,1,withdrew,0,0,0,0,1,govt opp frcs (Shiite & Druze); Syria,,,st&insurg,0,0,1,0,1,0,0,0,"Marines, army, air/ naval bombardment",ground combat,3600,2,1,1,1,515,17,0,267,0,,1,0,0,1,MNF peacekeeping force but overt U.S. support for Gemayel regime
17,2,USA,25oct1983,12dec1983,Grenada,GRN,55,Operation Urgent Fury,1983,,3058,2560,MOT; CIM; FAS; WEIS; NYT; CQ,remove and replace new leftist revolutionary regime; protect US citizens,remove,0,prevailed,1,1,1,60,1,New Jewel/ PRG regime,55,GRN,state,1,0,0,0,0,0,0,0,"Marines, Rangers, airborne, gunships",ground combat,7355,2,1,1,1,48,2,0,19,0,382,0,1,,0,intervention popular w/ Grenadan people; invitation to intervene from OECS
18,2,USA,23mar1986,27mar1986,Libya,LIB,620,Operation Praire Fire,1986,,3636,,DAV; JESP; WEIS; CLOD92; BERC; GS; STA; HUCH,"send message to Qaddafi, reduce state-sponsored terrorism",policy,0,completed,0,0,0,1,1,Libyan govt (Qaddafi),620,LIB,state,1,0,0,0,0,0,0,0,"3 aircraft carriers, >200 planes",limited long,25000,3,3,0,0,4,0,1,2,0,56,1,0,,0,"2 Libyan gun boats sunk, SAM missile site"
19,2,USA,17mar1988,31mar1988,Honduras,HON,91,Operation Golden Pheasant,1988,,2353,,FAS; IMI; JES89; CAR; CQ,defend Honduran territory/ protect Contra bases,land,1,prevailed,1,1,1,60,1,Nicaraguan govt (Sandinista),93,NIC,state,1,0,0,0,1,0,0,1,"2 bat 82nd airborne, 7th infantry, no combat",display,6150,2,3,1,0,14,0,0,1,0,1613,0,1,1,0,US used Sandinista attacks on Contra rebel bases as pretext/ no combat
20,2,USA,11may1989,20dec1989,Panama,PAN,95,Operation Nimrod Dancer,1989,,3901,,FAS; NYT; CLOD92; BROG; BERC; GS; CIM; CRAN,"protect US citizens/ property, canal zone right of movement",policy,1,escalated,0,0,0,0,1,Panamanian govt (Noriega),95,PAN,state,1,0,0,0,0,0,0,0,"show of force: infantry, mechanized, air",display,13597,3,3,1,0,223,7,0,1,0,0,1,0,1,0,maintained objective until escalation to Just Cause intervention
21,2,USA,20dec1989,31jan1990,Panama,PAN,95,Operation Just Cause,1989,,3901,2750,NYT; CIM; BERC; CLOD92; FAS; WEIS; BROG,"regime change (oust Noriega, replace w. Endara)",remove,0,prevailed,1,1,1,60,1,Panamanian govt (Noriega),95,PAN,state,1,0,0,0,0,0,0,0,"ground (airborne, Rangers), air",ground combat,27500,3,3,1,1,42,1,1,26,0,345,1,1,1,0,12k already forward deployed in Panama
22,2,USA,14aug1990,28feb1991,Saudi Arabia,SAU,670,Desert Shield,1990,,3957,2750,CIM; FAS; CLOD; BROG; HUT,deter/ defence against invasion of Saudi Arabia,land,1,escalated,1,1,1,60,1,Iraqi regime (Hussein),645,IRQ,state,1,0,1,0,0,0,0,1,"ground, airborne, air, Navy, Marines",limited ground,541000,4,1,1,0,198,6,0,84,0,,0,1,1,0,enddate? attained objective?  Escalated to Desert Storm
23,2,USA,16jan1991,28feb1991,Kuwait,KUW,690,Desert Storm,1991,211,3974,,CIM; DODPG; CLOD92; GS; DLNK; BROG; HUT,push Iraq out of Kuwait,land,0,prevailed,1,1,1,60,1,Iraqi government,645,IRQ,state,1,0,1,0,0,0,0,1,"air, sea, ground",ground combat,541425,4,1,1,1,43,1,0,269,0,40000,1,1,1,0,
24,2,USA,03dec1992,04may1993,Somalia,SOM,520,Operation Restore Hope (UNITAF),1992,713,,2410,CIM; FAS; BROG; DLNK; ALK; BENT; CLOD,assist and protect UN humanitarian operations,order,1,escalated,1,1,0,6,1,warring clans,,,terrorists,0,0,1,0,0,0,0,0,"ground, air, special ops",ground combat,30000,4,1,1,1,152,5,0,14,0,100,0,0,1,1,did improve humanitarian situation
25,2,USA,04may1993,31dec1993,Somalia,SOM,520,Operation Continue Hope (UNOSOM),1993,,,2410,FAS; CIM; CRA; ALK; BENT; CLOD; BROG; GS,"peacemaking, disarm clans, capture Aidid",order,0,withdrew,0,0,0,0,1,Somali National Alliance (Aidid),,,terrorists,0,0,1,0,0,0,0,0,"ground (10th Mntn), special ops, Marines",ground combat,4000,2,2,1,1,241,7,1,29,0,312,1,0,0,1,end date?
26,2,USA,19sep1994,31mar1995,Haiti,HAI,41,Operation Uphold Democracy,1994,,4016,,CIM; FAS; CLOD; JESS98; BERC; BENT,remove regime/ restore Aristide,remove,0,prevailed,1,1,1,60,1,Haitian military regime (Cedras),41,HAI,state,1,0,1,0,0,0,0,0,"82nd airborne, 10th mountain, Navy",ground combat,22000,3,1,1,1,193,6,0,1,0,10,0,1,1,1,"no actual combat/ credible threat of force sufficient, single casualty was suici"
27,2,USA,14oct1994,21dec1994,Kuwait,KUW,690,Operation Vigilant Warrior,1994,,4270,,FAS; CDI; HERR,deter Iraqi aggression against Kuwait/ defend Kuwait,land,1,completed,1,1,0,8,1,Iraqi regime (Hussein),645,IRQ,state,1,0,0,0,0,0,0,1,"ground, naval, air",display,29000,3,3,1,0,68,2,0,0,0,0,1,0,1,1,ongoing?
28,2,USA,30aug1995,21sep1995,Bosnia,BOS,346,Operation Deliberate Force,1995,,3551,,FAS; CDI; DLNK; CLOD; GS,"protect safe areas, end Serb offensive, destroy capabilities",policy,0,negotiated,1,1,1,60,1,Bosnian Serbs,345,YUG,state,1,0,1,0,0,0,0,0,air strikes,extensive air,28000,3,1,0,0,22,1,0,1,0,75000,1,1,1,1,NATO; US over 60% sorties
29,2,USA,08mar1996,25mar1996,Taiwan,TAW,713,Taiwan Strait Crisis of 1995/1996,1996,,4064,,FAS; WRT; BERC,deter Chinese attack against Taiwan,prop,1,prevailed,1,1,1,60,1,China,710,CHN,state,1,1,0,1,0,0,0,1,USS Nimitz & Independence/ 7th Fleet,display,20000,3,1,0,0,17,0,0,0,0,0,1,1,1,0,"Number of troops? Chinese intent? US cut diplomatic ties w/ Taiwan 1979,sent 2 c"
30,2,USA,01feb1998,20dec1998,Iraq,IRQ,645,Ops Desert Thunder/ Desert Fox,1998,,4273,2780,FAS; CLOD92; GS; DLNK;,degrade weapons capability/ compel cooperation w/ inspectors,policy,0,completed,1,1,0,6,1,Iraq,645,IRQ,state,1,0,1,0,0,0,0,0,"navy, air, grnd buildup; air strikes",extensive air,29000,3,3,1,0,322,10,0,,0,1400,1,0,1,1,obj: destabilize regime? Cooperation w/ weapons inspectors?
31,2,USA,24mar1999,10jun1999,Yugoslavia,YUG,345,Operation Allied Force/ Noble Anvil,1999,,4137,3210,FAS; CDI; CLOD92; NYT; CLOD,halt Serbian military action in Kosovo,policy,0,negotiated,1,1,1,48,1,Federal Republic of Yugoslavia,345,YUG,state,1,0,1,0,0,0,0,0,air strikes,extensive air,7000,2,1,0,0,78,3,0,2,0,5000,0,1,1,1,"NATO but US 60%; KLA on ground; peacekeeping, 725 U.S. aircraft used"
32,200,UKG,01oct1945,29nov1946,Indonesia,,850,Indonesian Insurgency,1945,420,,,IMI; NYT; JESP; T91; POU; CLOD,Restore Dutch colonial authority after WWII occupation,prop,0,completed,1,1,1,33,1,Indonesian insurgents,,,insurgents,0,0,0,0,0,0,0,0,"air, sea, ground",ground combat,30500,4,3,1,1,424,13,0,2136,1,15000,0,0,0,,"UK ambivalent about objective, deployed 5th Indian Division to supplement 4,000"
33,200,UKG,26feb1948,05mar1948,BR Honduras,BLZ,80,Guatemalan Invasion Threat,1948,,,,DEW; SW; FOF; WND; TIME; KEES,deter threatened invasion; defend border if necessary,land,1,prevailed,1,1,1,60,1,Guatemalan army,90,GUA,state,1,0,0,0,0,1,0,0,"troops frm 2nd bat, Gloucestershire Reg",display,750,1,3,1,0,8,1,0,0,0,0,1,1,1,0,1 company left stationed after; not clear how real threat
34,200,UKG,16jun1948,31jul1960,Malaysia,,820,The Malayan Emergency,1948,424,,,T2001; DUP; CIM; COA; DEW,maintain regime authority/ anti-insurgency,empire,1,prevailed,1,1,1,60,1,MPLA (Communist insurgents),,,insurgents,0,0,0,0,0,1,0,0,ground troops: combat,ground combat,25000,3,3,1,1,4428,145,1,509,1,6705,1,1,,0,"Malaysia granted indep. 8/31/1957; trps Brtsh, Malay, Gurkha"
35,200,UKG,03jan1950,31aug1951,Eritrea,ERI,531,Violence in Eritrea,1950,,,,T2001; TRE; BTW; CSM; NYT; SW,Ending disorder and bandit raids,order,0,prevailed,1,1,1,60,1,Shifta terrorists,,,terrorists,0,0,0,0,0,1,0,0,ground troops,limited ground,750,1,3,1,0,605,19,,,0,50,1,1,,,
36,200,UKG,20oct1952,19oct1956,Kenya,KEN,501,Mau Mau Uprising,1952,429,,1440,T2001; CIM; DUP; CLOD92; NEW; COW,maintain colonial rule,empire,1,prevailed,1,1,1,48,1,Mau Mau guerillas,,,insurgents,0,0,0,0,0,1,0,0,ground/air (anti-insurgency),ground combat,31000,4,3,1,1,1460,48,1,600,1,11503,1,1,,0,"attain ambig: reforms made, by 60 black majority rule; indep 63"
37,200,UKG,06oct1953,26may1966,British Guiana,GUY,110,Intervention in Guyana,1953,,,,T2001; CIM; GOL; DEW; CSM; WP,"prevent elected, ""Communist"" regime from taking power",prop,1,negotiated,1,1,1,36,1,"PPP regime, rioters",,,rioters,0,0,0,0,0,1,0,0,army troops and Navy warships,limited ground,1000,1,3,1,0,4615,151,0,,0,,1,1,,,"Churchill; ""prevent communist subversion""; covert CIA involvmnt"
38,200,UKG,26nov1955,19feb1959,Cyprus,CYP,352,Resist Enosis Campaign,1955,,,,T2001; DEW; CLOD92; BTW; NEW; COOK,"maintain control over strategic territory/ resist ""Enosis"" movmnt",empire,1,negotiated,0,0,0,0,1,EOKA (Greek guerilla/terr grp),,,insurgents,0,0,0,0,0,1,0,0,army and air,ground combat,30000,4,3,1,1,1181,39,1,142,0,366,1,0,,,Cyprus lost strategic importance during conflict; agreemnt for indep
39,200,UKG,11mar1956,01jan1957,Bahrain,,692,Bahrain riots,1956,,,,SW; WP; NYT,quell rioting; maintain regime authority,order,1,prevailed,1,1,1,60,1,rioters,,,rioters,0,0,0,0,0,1,0,0,ground,ground combat,30500,4,3,1,1,296,10,1,,0,11,1,1,,,size?; down to only 1 batt. by Jan.1957
40,200,UKG,31oct1956,06nov1956,Egypt,EGY,651,Suez Crisis 1956 (Sinai War),1956,157,200,1550,KHO; FOF; KEES; FULL; T2001; CIM; DUP; CLOD,"seize canal; strategic territory, commerce/navigation",land,0,withdrew,0,0,0,0,1,Egyptian government,651,EGY,state,1,0,1,0,0,2,0,0,"aerial bombardment, ground",ground combat,13500,3,1,1,1,6,1,0,22,0,921,1,0,,,US opposition
41,200,UKG,17jul1958,29oct1958,Jordan,JOR,663,Protect Hussein/ Nasserism,1958,,,,JESP; DUP; BTW; WYL; T2001; NYT; WP; CSM,prevent communist coup/ protect King Hussein,prop,1,prevailed,1,1,1,60,1,"U.A.R., communist insurgents",670,SAU,st&insurg,0,0,1,0,0,2,0,1,paratroopers and air support,limited ground,3000,2,1,1,0,104,3,0,0,0,0,1,1,,,"preventative deployment, threat of communist coup in Iraq spreading"
42,200,UKG,03jun1961,28feb1963,Zanzibar,ZAN,511,Election Riots,1961,,,,T2001; BEN; NYT; LOF; BERC,stop riots and restore order for pending elections,order,0,prevailed,1,1,0,11,1,rioters,,,rioters,0,0,0,0,0,1,0,0,700 ground troops,limited ground,750,1,3,1,0,635,20,0,,0,5000,1,0,,,granted indpendence 12/10/63; govt. overthrown 1/12/64; maintain?
43,200,UKG,01jul1961,19oct1961,Kuwait,KUW,690,Protect Kuwait,1961,,122,,IMI; JSP; BTW; DEW; POG; WYL,deter/defeat threatened invasion from Iraq,land,1,prevailed,1,1,1,60,1,Iraqi Army,645,IRQ,state,1,0,0,0,0,2,0,1,"land, sea, air",display,7500,2,1,1,0,110,3,0,0,0,0,0,1,,1,WYL: UK feared internal upheaval as as invasion from Iraq
44,200,UKG,10dec1962,31may1963,Brunei,,835,Brunei Rebellion,1962,,,1760,IMI; JAMS; T2001; SAU; WAL; BTW,put down uprising w/ perceived w/ Indonesian support (comm?),empire,1,prevailed,1,1,1,60,1,TNKU rebels (w/ Indonesia),850,INS,st&insurg,0,0,0,0,0,1,0,0,"army, air",ground combat,17000,3,3,1,1,172,5,1,35,0,40,1,1,,,Sultan of Brunei requested help; target not totally clear
45,200,UKG,19apr1963,19may1965,Malaysia,MAL,820,Sarawak Confrontation,1963,,1070,,T2001; WAL; WYL; SUB; CLOD; T91,combat guerrilla incursions/ defend Borneo from Indonesia,land,1,prevailed,1,1,1,60,1,Indonesian army/ guerillas,850,INS,st&insurg,0,0,0,0,0,2,0,1,"army, sea, and commandos",ground combat,17000,3,3,1,1,761,25,,114,0,600,1,1,,,Indonesian army grew reluctant to support war v. Malaysia
46,200,UKG,13jun1963,30nov1966,Swaziland,,572,Swaziland Riots,1963,,,,T2001; KUP; BOO,help quell rioting and end general strike,order,0,prevailed,1,1,1,60,1,rioters from labor movement,,,rioters,0,0,0,0,0,1,0,0,army,limited ground,750,1,3,1,0,1266,41,0,,0,,1,1,,,enddate is when troops left although peace was restored.
47,200,UKG,03aug1963,18apr1965,Yemen AR,YAR,678,Retaliation after attacks in Aden,1963,,,1890,NYT; JESP; KEES; T2001; HAR; CLOD; T91,end uprising near Yemen border; border security,land,0,completed,1,1,0,11,1,Tribes in the Radfan,,,rioters,0,0,1,0,0,2,0,0,army and air force,ground combat,14000,3,1,1,1,624,20,1,129,0,400,1,0,,,UK attacked Yemen 3x from 63-67;need to specify withdrawl
48,200,UKG,17dec1963,27mar1964,Cyprus,CYP,352,Cypriot Civil War,1963,,,,T2001; CIM; JAM; CLOD92; GOLD; WYL; DEW; SW,peacekeeping/ maintain SQ btwn Grk & Trksh; self-defense,order,1,withdrew,0,0,0,0,1,Turkish and Greek communities,,,rioters,0,0,0,0,0,2,0,0,jnt ground force/ police acts,limited ground,2000,1,3,1,0,101,3,0,,0,400,1,0,,1,minimal police actions; UN force took over after 3 months
49,200,UKG,25jan1964,31jul1964,E. African sts,TAZ,510,East African Disorder,1964,,,,NYT; KEES; T2001; WYL; T91; PAR,prevent political instability by putting down army mutinies,order,1,prevailed,1,1,1,60,1,Muntinying military troops,,,coup,1,0,0,0,0,2,0,0,army and commandos,ground combat,2500,1,1,1,1,188,6,0,0,0,12,0,1,,,"Tanzania, Kenya & Uganda; Communist inspired army mutinees"
50,200,UKG,03dec1965,30apr1966,Zambia,ZAM,551,Protect from S. Rhodesia,1965,,1804,,IMI; FOF; NYT; ANG; ROU; BTW,deter aggression/ provide defense from Rhodesia in case of attack,prop,1,prevailed,1,1,1,60,1,S. Rhodesia (Zimbabwe),552,ZIM,state,1,0,0,0,0,2,0,1,"RAF squadron,aircraft carrier",display,750,1,1,0,0,148,4,0,0,0,0,1,1,0,0,"no combat; UK reluctant to intervene; provided air cover,sent 1 squadron aircraf"
51,200,UKG,01jan1970,31dec1973,Br. Honduras,BLZ,80,Guatemalan rumours,1970,,,,SW; NYT; KEES;,deter threatened invasion; defend territory,land,1,prevailed,1,1,1,60,1,Guatemalan army,90,GUA,state,1,0,0,0,0,1,0,1,ground,display,3500,2,2,1,0,1460,47,0,,0,0,1,1,,,"unclear with troops left, enddate???"
52,200,UKG,07jul1977,07aug1977,Br. Honduras,BLZ,80,Assert Presence,1977,,2139,,DEW; SW; CSM; NYT; WP,show force/ deter invasion,land,1,prevailed,1,1,1,60,1,Guatemalan army,90,GUA,state,1,0,0,0,0,1,0,1,ground and air,limited ground,3000,2,3,1,0,31,1,0,,0,0,1,1,,,unclear when troops left but immediate threat ended
54,200,UKG,25apr1982,14jun1982,Argentina,ARG,160,Falklands/Malvinas War,1982,202,3077,2520,CIM; CLOD92; CIM; NYT; CLOD,defend/ re-take territory,land,1,prevailed,1,1,1,36,1,Argentina,160,ARG,state,1,0,0,0,0,1,0,0,"ground, sea, air",ground combat,25000,3,3,1,1,50,2,1,218,0,746,1,1,,,
55,220,FRN,02apr1945,15apr1946,Syria,SYR,652,Syrian Rebellion,1945,,,,NYT; JES89; CLA; LON; BTW; WIES; CLOD,"maintn presence, mil bases, special econ & dip relations",policy,1,withdrew,0,0,0,0,1,Syrian rioters,,,rioters,0,0,0,0,0,1,0,0,"ground, air, tanks",ground combat,3000,2,3,1,1,378,12,1,0,0,746,0,0,0,0,MP diplom convinced FR to grant autonomy to Syria
56,220,FRN,08may1945,31may1945,Algeria,,615,Setif Uprising,1945,,,,"CLA, CLOD; TIME",restore order/ maintain colonial authority,empire,1,escalated,1,1,1,24,1,rioting nationalists/ villagers,,,rioters,0,0,0,0,0,1,0,0,"army and police, military airplanes & ships",ground combat,7500,2,2,1,1,23,0,1,103,0,6000,1,0,1,0,ex? any reinforcements sent? # trps; mpcas?
57,220,FRN,01oct1945,01apr1946,Vietnam,,816,Re-occupy Vietnam post-WWII,1945,421,,,IMI; CLA; BTW; DOM; CLOD92; HER; WEIS,conquest; reclaim colonial authority ,remove,1,escalated,1,1,0,7,1,Viet Minh nationlst mvmnt/ insurgnts,,,insurgents,0,0,1,0,0,2,0,0,grounds troops,ground combat,60000,4,1,1,1,182,6,0,667,1,2756,0,0,1,0,Sep frm 1st Indochina? Major support from UK until 4/1946
58,220,FRN,17mar1946,01oct1946,Laos,,812,Re-claim Laos post-WWII,1946,,,1090,IMI; BTW; DOM; CIM; STF; CADY,conquest; reclaim colonial authority ,remove,1,escalated,1,1,1,60,1,Lao Issara regime/ rebels,,,st&insurg,0,0,1,0,0,1,0,0,ground troops,ground combat,30500,4,3,1,1,198,7,0,,,1300,0,1,1,0,sep frm 1st Indochina? How long maintained?
59,220,FRN,20nov1946,07may1954,Vietnam,,816,First Indochina War,1946,421,,1170,CIM; CLA; BTW; DUP; JES89; CLOD92; HER; WEIS,maintain colonial rule,empire,1,withdrew,0,0,0,0,1,Viet Minh nationlst mvmnt/ insurgnts,,,insurgents,0,0,0,0,0,1,0,0,"grnd, air, sea (FR, Frgn Leg, Indochnese)",ground combat,278000,4,3,1,1,2725,90,1,44967,1,175000,1,0,0,0,massive US support/ funding; PRC aided VM
60,220,FRN,29mar1947,01dec1948,Madagascar,,816,Madagascar Riots,1947,422,,1210,T91; CIM; CLA; CLOD; COW,maintain colonial rule,empire,1,prevailed,1,1,1,60,1,DMRM Rebels,,,insurgents,0,0,0,0,0,1,0,0,"ground troops, air, sea",ground combat,24500,3,3,1,1,613,21,1,350,0,11000,1,1,,,French territory
61,220,FRN,20jan1952,19jun1955,Tunisia,,616,Tunisian Independence,1952,428,,1480,DUP; COW; WEIS; CLA; BTW; KEES,"maintain colonial rule, end violence and terrorism",empire,1,negotiated,0,0,0,0,1,National Liberation Army,,,insurgents,0,0,0,0,0,1,0,0,"ground, air",ground combat,70000,4,3,1,1,1246,41,1,2000,1,2000,1,0,0,0,mpcas may be too high; at 1st FR only granted auton
62,220,FRN,07dec1952,31dec1952,French Morocco,MOR,600,Casablanca Rioting,1952,,,,T91; CLA; BTW; COH,maintain colonial rule/ supress riots,empire,1,completed,1,1,0,8,1,rioters,,,rioters,0,0,0,0,0,1,0,0,ground,ground combat,3000,2,3,1,1,24,0,1,8,0,75,1,0,1,,exclude? all trps in country
63,220,FRN,15aug1953,02mar1956,French Morocco,MOR,600,Moroccan Independence,1953,430,,1470,DUP; COW; T2001; CLA; BTW; BER; WEI,maintain colonial rule/  supress riots,empire,1,withdrew,0,0,0,0,1,Moroccan Liberation Army; rioters,,,insurgents,0,0,0,0,0,1,0,0,"commando ops, air raids, grnd trps",ground combat,30500,4,3,1,1,930,31,1,45,0,1000,1,0,0,0,movement for unification of French & Spanish Morocco
64,220,FRN,01nov1954,03jul1962,Algeria,,615,Algerian War of National Liberation,1954,432,,,CIM; DUP; CLOD92; BTW; CLA; KEL; COW,maintain colonial rule,empire,1,negotiated,0,0,0,0,1,nationalist mvmnt: FLN,,,insurgents,0,0,0,0,0,1,0,0,"ground, air, sea (anti-insurgency)",ground combat,250000,4,3,1,1,2801,92,1,17456,1,141000,1,0,1,,independence granted 62; change of FR chief exec-- de Gaulle; 1/2 French arm
65,220,FRN,19may1956,26oct1960,Tunisia,TUN,616,Post-Independence Clashes,1956,,,,NYT; JESP; BTW; IMI; T2001; BERC; KEES; DUP,maintain military presence; Tunisia stop aiding Algerian rebels,policy,1,withdrew,0,0,0,0,1,Tunisian government and Algerian rebels,616,TUN,st&insurg,0,0,0,0,0,2,0,0,"ground skirmishes, some air strikes",ground combat,30000,4,3,1,1,1621,53,0,141,0,300,1,0,,,
66,220,FRN,03jul1956,30sep1961,Morocco,MOR,600,Post-independence Morocco,1956,,,,NYT; FOF; KEES; COH,maintain regime authority,prop,1,,1,1,1,,1,national liberation movement,,,insurgents,0,0,0,0,0,2,0,0,ground,ground combat,30500,4,3,1,1,1915,62,0,68,0,64,1,1,,,
68,220,FRN,13dec1956,01feb1957,Morocco,MOR,600,*Counterinsurgency (T),1956,,,,"T91, BTW; NYT; SMA; CHA; CLA; BER",maintain regime authority,prop,1,,1,1,,,1,insurgents,,,insurgents,0,0,0,0,,2,0,0,,,,,3,0,0,50,2,1,20,0,381,1,1,,,
69,220,FRN,15dec1957,01jan1960,French Cameroun,,471,Cameroun Independence,1957,433,,1570,T2001; CLOD92; NYT,prevnt hostl frcs (UPC) frm assumng authrty at indepndnc,empire,1,escalated,1,0,0,1,1,UPC guerilla/ terrorst indpnd mvmnt,,,insurgents,0,0,0,0,0,1,0,0,ground (2 companies reinfrcd 1500 presnt),limited ground,1700,1,3,1,1,747,25,1,300,0,600,1,0,1,0,obj: mntn colonial rule?
70,220,FRN,24feb1958,30may1958,Spanish Sahara,SPN,230,Spanish-Moroccan Conflict,1958,,,,NYT; T2001; IMI; CLOD,help Spanish defend territory (Ifni enclave),land,1,withdrew,0,0,0,0,0,Moroccan Liberation Army,,,insurgents,0,0,0,0,0,0,0,0,airstrikes from Mauritania & Algeria,limited long,750,1,1,0,0,95,3,0,0,0,51,,0,0,0,only contributed airstrikes
71,220,FRN,12jan1960,31dec1962,Cameroun,CAO,471,Cameroun Independence II,1960,,,,IMI; LEV; NYT; T2001; ROU,maintain regime authority; quell rioting/violence,prop,1,prevailed,1,1,1,60,0,UPC guerillas & rioters,,,insurgents,0,0,0,0,0,2,0,0,"ground (5 battalions), fighter-bombers",ground combat,3500,2,3,1,1,1084,35,0,300,0,600,0,1,0,0,rioting over uniting of BR & FR Cameroon v not
72,220,FRN,18jul1961,22jul1961,Tunisia,TUN,616,Battle of Bizerte,1961,,28,1750,JES89; KEES; NYT; BTW; T2001; CLOD,maintain control of airbase at Bizerte,land,1,negotiated,1,1,1,24,0,"Tunis govt, army, demonstrators",616,TUN,state,1,0,0,0,0,2,0,0,"paratrpers, strafing attcks, marines, frn legion",ground combat,10000,3,3,1,1,4,0,1,50,0,1370,1,0,1,0,maintain? negotiatns ended FR occ Aug 12 1962
73,220,FRN,13aug1963,17aug1963,Congo (FR),CON,484,Congo Riot Control,1963,,,,IMI; NYT; FOF; ROU,maintain regime; restore order,prop,1,withdrew,0,0,0,0,0,opposition rioters,,,rioters,0,0,0,0,0,2,0,0,ground troop & tank patrols,limited ground,1500,1,3,1,0,4,0,0,0,0,3000,1,0,,0,Cong. Pres called off use of force v. rioters; FR obj?
74,220,FRN,19feb1964,31dec1965,Gabon,GAB,481,Aborted Coup,1964,,,1870,IMI; NYT; T2001; BAR; BERC,"topple provisional government, restore Mba to power",remove,0,prevailed,1,1,1,60,0,coup leaders (mil officrs)/ provis govt,,,coup,1,0,0,0,0,2,0,0,air forces and ground troops,limited long,500,1,1,1,1,681,22,1,6,0,25,0,1,,0,2 companies + local FR frcs;> 500? Enddate?
75,220,FRN,28aug1968,30aug1971,Chad,CHA,483,Frolinat Rebellion,1968,669,,1970,IMI; T2001; CIM; DUP; ROU; NOL; CLOD,maintain regime authority; pacify rebel movement,prop,1,negotiated,1,1,1,60,0,FROLINAT insurgents,,,insurgents,0,0,0,0,0,2,0,0,"ground, air",ground combat,3500,2,3,1,1,1097,36,0,50,0,2791,1,1,1,0,Chad requestd assist; maintain? military coup Apr 75
76,220,FRN,12dec1977,30may1978,Mauritania,MAA,435,Lamentin,1977,,,2350,NYT; ROU; DAM; MAC; CIM; WEI; CLOD,aid Mauritania in defense vs. POLISARIO advance,land,1,completed,1,1,1,15,1,POLISARIO/ SPLA rebels,,,insurgents,0,0,0,0,1,2,0,0,air cover/ raids; airlift Moroc trps; advisors,extensive air,500,1,1,0,0,169,5,0,0,0,1000,1,0,0,0,FR obj?; ceasefire btwn POLIS new Maurit govt (coup) -- FR ended role
77,220,FRN,28apr1978,16may1980,Chad,CHA,483,Operation Tacaud,1978,,,1910,NYT; T2001; ROU; DUP; CLOD,maintain Malloum's regime vs. FROLINAT rebel theat,prop,1,withdrew,0,0,0,0,1,FROLINAT,,,insurgents,0,0,0,0,0,2,0,0,ground troops and air forces,limited ground,2500,1,1,1,0,749,25,0,3,0,100,1,0,0,1,create power-sharing govt but it failed; OAU peackprs
78,220,FRN,19may1978,22jun1978,Zaire,DRC,490,Shaba II,1978,,,,T2001; FAS; ROU; ODO,maintain Mobutu regime; remove rebel threat in Shaba region,prop,1,prevailed,1,1,1,60,1,Congolese rebels (FLNC),,,insurgents,0,0,1,0,0,0,0,0,638 paratroopers; train and advise,limited ground,650,1,1,1,1,34,1,0,13,0,250,1,1,,1,FR & Belgium; aid requested by Mobutu; African MNF relieved French & Belgian trp
79,220,FRN,20sep1979,21sep1979,CAR/CAE,CEN,482,Operation Barracuda,1979,,,,IMI; NYT; T2001; CIM; OTO,remove & replace Bokassa,remove,0,completed,1,1,1,60,1,Bokassa regime (Emperor Bokassa),482,CEN,state,1,0,0,0,0,2,0,0,paratroopers,limited ground,1100,1,1,1,0,1,0,0,0,0,0,1,1,1,0,enddate? Troops remained to protect
80,220,FRN,09aug1983,09nov1984,Chad,CHA,483,Support Habre/Operation Manta,1983,705,3634,1910,IMI; ROU; KEES; CLOD,maintain Habre regime vs. Libyan-backed rebels,prop,1,negotiated,1,1,1,17,1,Libya & GUNT/FAP rebels,620,LIB,st&insurg,0,0,0,0,0,2,0,1,ground defense and air support,ground combat,2700,1,1,1,1,458,15,0,100,0,50,1,0,0,0,stalemate developd in cvl war; FR not able to get Libya out of Chad
81,220,FRN,16feb1986,11sep1987,Chad,CHA,483,Support Habre/ Operation Epervier,1986,705,3635,1910,IMI; NYT; ROU; CLOD,maintn Habre regime; enforce 16th parallel dfns line,prop,1,negotiated,1,1,1,30,1,Libya & GUNT/ FAP rebels,620,LIB,st&insurg,0,0,0,0,0,2,0,1,ground defense/intell/training; air strikes,ground combat,2800,1,1,1,1,572,19,0,100,0,7500,1,0,1,0,enddate? More thn 70% trps remaind post-ceasefire
82,220,FRN,01dec1991,07jan1992,Chad,CHA,483,Operation Epervier II,1991,,,1910,ROU; CIM; AZE; NYT; BERC,protct FR citizns; secure capital/mntn Deby rgime,prop,1,prevailed,1,1,1,60,1,Habre rebels,,,insurgents,0,0,0,0,0,2,0,0,ground troops w air support,limited ground,2000,1,1,1,0,37,1,0,50,0,,1,1,1,0,"450 troops brought in  to support troops already there,made decision not to get "
83,220,FRN,15sep1995,15oct1995,Comoros,COM,581,Comoros Coup II,1995,,,,CIM; NYT; JES89; CNN; BERC,restore govt. after coup,remove,0,prevailed,1,1,1,42,1,FR mercenaries/ coup leaders,,,coup,1,0,0,0,0,2,0,0,Marines & Frgn Legion in helicopter gunshps,limited ground,1000,1,1,1,1,30,1,0,2,0,2,1,1,0,0,obj: restore govt. following coup; another coup 4/1999
84,220,FRN,23may1996,02jun1997,CAR,CEN,482,FACA May Mutiny,1996,,,,HAV; NYT; MCF,maintain current regime; end the violence/rioting,prop,1,negotiated,1,1,1,60,1,army mutineers/ rioting soldiers,,,coup,1,0,1,0,0,2,0,1,ground troops; air cover,limited ground,1450,1,3,1,1,375,13,0,50,0,450,1,1,1,1,attain/maintain? when does FR op become MNF?
85,365,RUS,12dec1945,09may1946,Iran,IRN,630,Autonomous Azerbaijan,1945,,20,1060,IMI; KAP; CIM; BTW; DUP; SMID; BERC; CLOD,oil & autonomy of Azerbaijan province,policy,0,withdrew,0,0,0,0,0,Iranian government,630,IRN,state,1,0,0,0,0,0,1,0,"ground troops- intimidation, protect rebels",ground combat,60000,4,3,1,1,148,5,0,20,0,2000,0,0,0,0,"trps present from WWII; object? 3, 8, 2"
86,365,RUS,15mar1946,05apr1946,Turkey,TUR,640,Turkish Concessions,1946,,252,,KAP; HUTH; SUL,Gain Concessions from Turkish Government,policy,0,withdrew,0,0,0,0,0,Turkish Government,640,TUR,state,1,0,0,1,1,0,1,0,"Armor, Air and Ground Units",display,30500,4,1,1,0,21,1,0,0,0,0,0,0,0,0,numtrps? Intim/ nevr crsd brdr; US deter - warshps
87,365,RUS,22jun1948,30may1949,E. Germany,,265,Berlin Blockade,1948,,26,,CIM; DUP; JES89; CIM; KAP,take control of W. Berlin/ unify Berlin,land,0,withdrew,0,0,0,0,0,West Berlin,2,USA,state,1,1,0,1,1,0,0,0,grnd trps -blockade; pilots buzzd W. planes,ground combat,18000,3,2,1,1,342,11,0,1,0,12,1,0,1,0,# trps?
88,365,RUS,16jun1953,17jun1953,E. Germany,GDR,265,Riots in East Berlin,1953,,,,NYT; BTW; DUP; CIM; KAP; SMID; COOK,maintain regime auth/ supress rioting,prop,1,prevailed,1,1,1,60,0,rioters,,,rioters,0,0,0,0,0,0,0,0,"400K ground, tanks",ground combat,400000,4,3,1,1,1,0,0,4,0,300,1,1,1,0,riots in other cities simultan; obj: empire or regime auth?
89,365,RUS,28jun1956,29jun1956,Poland,POL,290,Poznan Riots,1956,,,,BTW; CLOD92; DUP; SMID; KAP; JES89,maintain regime authority/ quell rioting,prop,1,completed,1,0,0,4,0,"rioters, protesters",,,rioters,0,0,0,0,0,2,1,0,heavy artillery & tank fire,ground combat,30500,4,2,1,1,1,0,1,0,0,50,1,0,1,0,police action w/ trps already in country; empire or prop?
90,365,RUS,20oct1956,24oct1956,Poland,POL,290,Poznan Riots II,1956,,,,BTW; CLOD92; DUP; SMID; KAP; JESP,maintain regime authority/ quell rioting,prop,1,prevailed,1,1,1,60,0,"rioters, protesters",,,rioters,0,0,0,0,0,2,1,0,"armored trps sealed off border, intimidation",display,70000,4,3,1,0,4,0,0,0,0,0,1,1,1,0,Svt reinforcements 3 divisions; likely no combat; empire?
91,365,RUS,24oct1956,31mar1958,Hungary,HUN,310,Hungarian Uprising,1956,154,,1530,DONN; CIM; KAP; BTW; JESP; CLOD,remove Nagy and put down reform uprising,remove,0,prevailed,1,1,1,60,0,Imre Nagy & mass protesters,,,rioters,0,0,0,0,0,0,1,0,tanks and troops,ground combat,75000,4,3,1,1,523,17,0,2260,1,12971,1,1,1,0,cas # deaths; 2 cases-maintain then remove? Enddate
92,365,RUS,30nov1967,15mar1968,Yemen AR,YAR,678,North/South Yemen War,1967,,,,IMI; KAP; CIM; CLOD; KEES; JESP,support Communist government in power,prop,1,,1,1,1,60,0,Yemen Royalists,,,state,1,0,0,0,,0,0,1,"military aid, advisors, airlift",limited ground,1000,1,1,1,0,106,4,0,0,,600,,1,,,"remove? contributed arms and equipment, combat role/readiness unclear"
93,365,RUS,20aug1968,17apr1969,Czechoslovakia,CZR,315,Prague Spring,1968,,346,,IMI; T2001; CIM; KAP; BTW; CLOD,change regime; reverse reforms,remove,0,completed,1,1,1,60,0,Dubcek government,315,CZE,state,1,0,0,0,0,0,1,0,Soviet + 100K  Warsaw Pact ground troops,ground combat,500000,4,1,1,1,240,8,0,11,0,70,0,1,0,0,"units frm Pol, E. Grm, Hungary, Bulgaria; object?"
94,365,RUS,02mar1969,11sep1969,China,CHN,710,Cross-Border Raids/ Clashes,1969,,349,2090,T2001; CIM; KAP; JESP; SAL,territory; border security,land,1,negotiated,1,1,1,60,0,China,710,CHN,state,1,1,0,0,0,0,1,0,"minor raid-grnd trps, artillry, tnks, helicoptrs",limited ground,750,1,1,1,0,193,6,0,58,0,800,1,1,1,0,"just Mar 3-4, 14-15?"
95,365,RUS,31mar1970,07aug1970,Egypt,EGY,651,War of Attrition,1970,,,,CLOD; KHO; KAP; POR; CIM,support Egypt in war vs Israel/ hold territory,land,1,negotiated,1,1,1,37,0,Israel,666,ISR,state,1,0,0,0,1,0,0,1,pilots & fighter jets; grnd trps (combat?); equipment,extensive air,15000,3,3,0,1,129,5,0,5,0,641,1,1,1,0,"Svts wanted to push Israeli offensv back, restore SQ ante"
96,365,RUS,15dec1970,20dec1970,Poland,POL,290,Gdansk Rioting,1970,,,1850,KAP; DUP; JES89; CLOD,Supress Riots /Maintain Regime Authority,prop,1,withdrew,0,0,0,0,0,Rioters,,,rioters,0,0,0,0,0,2,1,0,army ground units mobilized on borders,ground combat,10000,3,3,1,1,5,0,0,0,0,45,1,0,0,0,Svt obj unclr: reg auth? Deter? Tprs never crossd brdr
97,365,RUS,01jan1971,31aug1971,Sudan,SUD,625,Sudanese Civil War,1971,,,2130,IMI; WAI; KAP; BTW; HOW,Help Nimeiry gov't defeat southern rebels,prop,1,withdrew,0,0,0,0,0,Anya-Nya guerillas,,,insurgents,0,0,0,0,1,0,0,0,"2-3k advisors, air strikes, pilots for MIGs, Egpt trps",limited ground,600,1,1,1,0,242,7,0,,0,,0,0,0,0,"Svts w/drew before negotiatd settle reachd; combat?, mainly acted as advisers"
98,365,RUS,15mar1973,30mar1975,Iraq,IRQ,645,Kurdish Rebellion 1974-1975,1973,,,1740,IMI; KAP; BTW; NYT; CLOD; KEES,aid Iraqis in fight w Kurds over oil-rich land,land,1,prevailed,1,1,1,60,0,Iraqi Kurds,,,insurgents,0,0,0,0,1,0,0,0,"air raids, military advisors, combat assist",ground combat,8000,2,3,1,1,745,24,0,0,0,15000,0,1,0,0,combat? Enddate?
99,365,RUS,14nov1975,31dec1988,Angola,ANG,540,Angolan Civil War,1975,,,,KLI; NYT; JES89; KAP; CLOD; BERC,maintain regime authority- MPLA,prop,1,prevailed,1,1,1,36,0,"UNITA, FNLA opposition groups",,,insurgents,0,0,0,0,1,0,0,0,"advisors; airlift Cuban trps (18K ), mil aid",limited ground,1000,1,1,1,0,4796,157,0,7,0,200000,0,1,,0,decisive intervention by Cuba; combat? Enddate?
100,365,RUS,31dec1977,09mar1978,Ethiopia,ETH,530,Ogaden War Counteroffensive,1977,,,,KAP; CLOD92; PORT; LEG,help Ethiopia win war w/ Somalia over Ogaden,land,1,prevailed,1,1,1,60,0,Somalian army and WSLF,520,SOM,st&insurg,0,0,0,0,1,0,0,1,"advisrs & cmbat personnl, 11K Cubn trps, airlift",limited ground,1500,1,1,1,0,68,3,0,34,0,8000,0,1,1,0,connection w/ conflict over Eritrea? Combat?
101,365,RUS,01jan1979,01jun1982,Vietnam,DRV,816,Deter PRC,1979,,3007,2380,JESP; MUL; DONN,deter further PRC aggressions vs. Vietnam,policy,1,withdrew,0,0,0,0,0,PRC,710,CHN,state,1,1,0,0,0,0,0,1,"troop deploy along Sino-Russ border, nuclear thrt",display,430000,4,3,1,0,1247,41,0,,0,,1,0,,,supplied naval force and equipment
102,365,RUS,25dec1979,15feb1989,Afghanistan,AFG,700,Soviet Occupation,1979,698,,2370,KAP; HAM; NYT; T2001; CIM; BAU; CLOD,maintain Socialist client regime; extend empire,prop,1,withdrew,0,0,0,0,0,Mujahideen rebels,,,insurgents,0,0,1,0,0,0,1,0,"air, sea, ground",ground combat,620000,4,3,1,1,3340,110,0,14453,1,100000,1,0,0,0,"two cases? Coup 12/27 remove Amin, then maintain"
103,365,RUS,20jan1990,01feb1990,Azerbaijan,AZE,373,Azerbaijan Uprising,1990,,,,CLOD92; AP; NYT; FOF; CLOD,suppress violence against Armenian minority,order,0,prevailed,1,1,,,0,Azerbaijani Popular Front,,,insurgents,0,0,0,0,0,1,1,0,ground trps/ security personnel,ground combat,69000,4,3,1,1,12,1,0,14,0,904,1,1,1,0,Azerbaijan - Muslim Soviet Republic
104,365,RUS,01jan1994,30apr1996,Russia/Chechnya,,365,Chechnyan Civil War,1994,748,,3090,CIM; NYT; GS; BERC; CLOD,Destroy Rebellion/Breakaway Republic,empire,1,withdrew,0,0,0,0,1,Rebels in breakaway republic,,,insurgents,0,0,0,0,,1,1,0,Ground Troops,ground combat,100000,4,3,1,1,850,27,1,6000,1,900,0,0,0,0,stdate & enddate?
105,2,USA,06apr1991,19mar2003,Iraq,IRQ,645,Ops Provide Comfort/ Northern Watch,1991,,3957,,FAS; CDI; DLNK,deter Iraqi attacks on/ protect Kurds/ enforce UNSCR 687/688,order,1,escalated,0,0,0,0,1,Iraqi government,645,IRQ,state,1,0,1,0,0,0,0,0, air patrol/ raids; special forces,limited long,12316,3,3,0,0,4365,143,0,26,0,,1,0,,,"peak May 21, 1991"
106,2,USA,27aug1992,19mar2003,Iraq,IRQ,645,Operation Southern Watch,1992,,3552,,FAS; CDI; NYT; CRA,force govt to end attacks/protect Iraqi civilians (Shi'ite)/ WMD,policy,0,escalated,0,0,0,0,1,Iraqi government,645,IRQ,state,1,0,1,0,0,0,0,0,"air patrol/raids, naval intercept",limited long,22000,3,1,0,0,3856,127,0,,0,,1,0,,,little evidence air patrols have protected Iraqis
107,2,USA,03sep1996,19mar2003,Kuwait,KUW,690,Desert Strike/ Kuwait deployment,1996,,4271,,FAS; CDI; NYT; GS: CENT,deter aggression; protect/ defend Kuwait,land,1,completed,1,1,1,14,1,Iraq (Hussein regime),645,IRQ,state,1,0,1,0,0,0,0,1,"air, sea, ground",limited long,25000,3,3,0,0,2388,78,0,,0,,1,0,,,exclude? End date/ outcome?
108,2,USA,07oct2001,31mar2002,Afghanistan,AFG,700,Operation Enduring Freedom-Afghanistan,2001,,4283,3270,CDI; BID; O'HAN; NYT; GS; DLINK,"remove and replace Taliban regime, destroy al Qaeda, capture bin Laden",remove,0,prevailed,1,1,1,26,1,Taliban regime,700,AFG,state,1,0,1,0,0,0,0,0,ground/ air campaign; local proxy frcs,ground combat,60000,4,1,1,1,175,5,0,49,0,10000,0,0,1,1,include target: al Qaeda; enddate?; maintain
109,200,UKG,01mar1949,31oct1963,Aden,YAR,678,Yemen-Aden Border Dispute,1949,,604,,T2001; BTW; KEES; DAR; DEW; WEIS; BERC; T91; CSM; NYT; SW,territory; colonial author in Aden; form friendly state frm protectrts,land,1,escalated,1,1,1,13,1,Yemen,678,YAR,state,1,0,1,0,0,1,0,0,ground and air,ground combat,7500,2,3,1,1,5357,175,0,40,0,950,0,0,1,0,add batt 7/1955; became S. Yemen Indep
110,200,UKG,25nov1964,30nov1967,South Arabia,YAR,678,South Yemen Independence,1964,,,,T2001; BTW; DEW; CLOD,"construct independent, friendly state out of Aden & protectorates",prop,0,withdrew,0,0,0,0,1,"NLF, FLOSY",,,insurgents,0,0,0,0,1,1,0,0,ground and air,ground combat,14000,3,3,1,1,1100,36,1,90,0,345,1,0,0,0,UK wanted secure milit base at Aden indefin
111,200,UKG,01sep1969,22may1998,N. Ireland,,200,The Troubles,1969,,,2190,CIM; CLOD92; JESP; BBC,"stop terrorism; maintain regime authority; control violence, police",order,1,negotiated,1,1,1,21,1,"IRA, PIRA, rioters",,,terrorists,0,0,0,0,0,1,1,0,ground troops (MPs),ground combat,21266,3,3,1,1,10490,344,1,345,0,3673,1,0,,,status of peace plan?  British objective? Post-troops?
112,710,CHN,18apr1950,02may1950,Hainan Island,CHN,710,Hainan Island Campaign,1950,,,,WRT; DUP; JES89; NYT; CLOD; CIM,seize Hainan island from Nationalist troops,land,0,prevailed,1,1,1,60,0,Nationalist army,,,state,1,0,0,0,0,2,1,0,ground -- amphib assault,ground combat,15000,3,1,1,1,14,1,0,3000,1,,1,1,1,0,
113,710,CHN,01may1950,19may1951,Tibet,,711,Tibet invasion,1950,426,,1390,CIM; JES89; IMI; COOK; CLOD; BERC; PD; ACED,establish Chinese authority over and annex Tibet,remove,0,prevailed,1,1,1,60,0,Tibet,711,,state,1,0,0,0,0,0,1,0,ground,ground combat,85000,4,1,1,1,383,12,0,3000,1,894,0,1,1,0,Tibet recognized part of China prior; PRC faced revolts 55-59
114,710,CHN,19oct1950,24dec1950,N. Korea,PRK,731,Korean War Defense of N. Korea,1950,151,51,1380,CIM; WRT; KEES; IMI,repel aggression; regain territory & govt. authority of DPRK,land,0,escalated,1,1,1,60,0,United States/ UN (15),732,ROK,state,1,0,0,1,1,0,1,1,"ground, air",ground combat,250000,4,1,1,1,66,2,1,300000,1,50000,0,1,1,1,target aggressor; large troop presence maintained post-intervention
115,710,CHN,31dec1950,27jul1953,S. Korea,ROK,732,Korean War 3rd through 5th Campaign,1950,151,51,1380,CIM; WRT; IMI; LUK,reunify North and South Korea,remove,0,negotiated,0,0,0,0,0,S. Korea/ U.S./ UN (15),732,ROK,state,1,0,0,1,1,0,0,1,"ground, air",ground combat,250000,4,1,1,1,939,31,1,100000,1,130000,1,0,1,1,Mao believed US would attack China to reinstate Nationalist govt
116,710,CHN,31jan1951,31dec1953,Burma,MYA,775,Kuomintang based in Burma,1951,,,,IMI; NYT; CLOD92; PD,"eliminate threat from Chinese Nationalist army in Burma, defend border",land,1,prevailed,1,1,1,60,0,Chinese Nationalists,,,insurgents,0,0,0,0,0,0,1,0,ground pursuit,ground combat,2000,1,1,1,1,1065,35,0,,0,,0,1,0,0,
117,710,CHN,16jul1953,17jul1953,Taiwan Strait,TAW,713,Battle of Dongshan Island,1953,,50,1350,WRT; NYT; GS; WP,defend island from Nationalist attack,land,1,prevailed,1,1,1,60,0,Nationalist army,713,TAW,state,1,0,0,0,0,1,1,0,ground troops,ground combat,12000,3,2,1,1,1,0,1,400,0,2000,1,1,1,0,defense of Chinese territory - Nationalist attack
118,710,CHN,03sep1954,01may1955,Taiwan Strait,TAW,713,Yijiangshan-Dachen Island Campaign,1954,,50,1350,DUP; JES89; FAS; WRT; ALL; CLOD92; CAS; BTW; PD; GS,"reclaim offshore islands (Yijiangshan, D(T)achen)",land,0,prevailed,1,1,1,60,0,ROC (Nationalist forces),713,TAW,state,1,0,0,0,0,2,1,0,"air attacks, amphib assault, shelling",ground combat,7000,2,1,1,1,240,8,0,1200,1,720,1,1,1,0,
120,710,CHN,23aug1958,19dec1958,Taiwan Strait,TAW,713,Second Taiwan Straits Crisis,1958,,173,1350,DUP; CIM; KEES; IMI; FAS; WRT; CLOD92; WEIS,"reclaim offshore islands: Quemoy and Matsu, gain control of Taiwan",land,0,withdrew,0,0,0,0,0,ROC (Nationalist forces),713,TAW,state,1,0,0,1,1,2,1,0,"shelling, blockade, air combat",extensive air,5000,2,1,0,0,118,4,0,0,0,2000,1,0,0,0,Soviets sent surface to air missiles
122,710,CHN,22apr1959,31jul1960,Nepal,NEP,790,Tibet-Nepal Border Claim,1959,,148,,NYT; KEES; BTW; MID; HUTH; BERC,policy chnge (Indian supprt Tibtn rebls); pursue Tibetan rebls; border claim,policy,0,negotiated,1,1,1,17,0,Nepal,790,NEP,state,1,0,0,0,0,0,1,0,"ground, seizure",ground combat,2000,1,1,1,1,466,15,0,1,0,1,0,0,0,0,negotiated settlement mostly favoring Nepal
123,710,CHN,02nov1961,21nov1962,India,IND,750,Sino-Indian Border War,1961,160,199,1770,IMI; CIM; WRT; MID; CLOD92; JES89; PD; GS,defend territory; establish control over strategic Aksai Chin region,land,1,prevailed,1,1,1,60,0,India,750,IND,state,1,0,0,0,0,0,1,0,ground troops,ground combat,90000,4,3,1,1,384,12,0,1000,1,1383,1,1,1,0,
129,710,CHN,15jan1974,20jan1974,China,CHN,710,Xisha (Paracel) Islands Campaign,1974,,355,2380,WRT; CLOD92; MID; GRA,seize Xisha (Paracel) islands (for oil),land,0,prevailed,1,1,1,60,0,Republic of Vietnam,817,RVN,state,1,0,0,0,0,0,1,0,"warships, fighter aircraft, assault troops",limited long,900,1,1,1,1,5,0,1,50,0,300,1,1,1,0,"US-Chinese improved releations 1972, no US response"
131,710,CHN,17feb1979,17mar1979,DRV,DRV,816,Sino-Vietnamese War,1979,193,3007,2380,IMI; DISP87; CIM; WRT; CLOD92; MID; PD; GS; GRA,change policy (w/draw from Cambodia/ better treatmnt of Chinese/stop border incidnts),policy,0,withdrew,0,0,0,0,0,DRV,816,DRV,state,1,0,0,0,0,0,1,0,"ground, artillery, air",ground combat,120000,4,1,1,1,28,1,0,26000,1,30000,1,0,0,0,
133,710,CHN,02apr1984,12jul1984,DRV,DRV,816,Sino-Vietnamese Border Clashes,1984,,3639,2380,NYT; KEES; MID; WP,defend border territory; change target policy (Cambodia),land,0,completed,1,0,0,0,0,DRV,816,DRV,state,1,0,0,0,0,0,1,0,ground: territory occ; long-range shelling,limited ground,1200,1,1,1,1,101,3,0,280,0,24,1,0,0,0,USSR landed 400 trps in Vietnam (show support) - no combat
136,710,CHN,21jul1995,25mar1996,Taiwan Strait,TAW,713,Taiwan Straits Crisis 1994/1995,1995,,4064,,WRT; ROSS; MID; KEES; NYT; WP,intimidate voters in Taiwan/ pressure govt not to call for independence,policy,0,withdrew,0,0,0,0,0,Taiwan,713,TAW,state,1,0,0,1,1,2,1,0,military exrcises; threats; missile tests,display,150000,4,1,0,0,248,8,0,0,0,0,1,0,0,0,
137,710,CHN,03sep1954,01may1955,Taiwan Strait,TAW,713,"Reclaim Quemoy, Matsu, Taiwan",1954,,,1350,CIM; DUP; KEES; IMI; FAS; WRT; ALL; CLOD92; CAS; BTW,"reclaim offshore islands (Quemoy, Masu, Taiwan); policy?",land,0,withdrew,0,0,0,0,0,ROC (Nationalist forces),713,TAW,state,1,0,0,1,1,2,1,0,"air attacks, naval blockade/ firing",limited long,7500,2,1,0,0,240,8,0,5,0,0,1,0,0,0,"did China intend to seize Quemoy, Masu, Pescadore, or Taiwan?"
138,710,CHN,01may1969,11sep1969,China,CHN,710,Sino-Soviet Border Clash: Kazakhstan,1969,,,2090,MID; CLOD92; PD; GS; GRA; CIM,defend claim to territory/ reclaim territory seized,land,1,withdrew,0,0,0,0,0,USSR,365,RUS,state,1,1,0,0,0,0,1,0,grnd troops: battles & skirmishes,ground combat,180000,4,2,1,1,133,4,1,400,0,31,1,0,1,,
139,710,CHN,01apr1954,31dec1973,Tibet,,710,Tibetan Revolts,1954,648,,1390,CLOD; CIM; PD; GS; DUP,maintain regime authority in Tibet; suppress Khampa rebellions,empire,1,prevailed,1,1,1,60,0,Khampa guerilla groups,,,insurgents,0,0,0,0,0,1,1,0,"ground, air",ground combat,150000,4,3,1,1,7214,236,1,70000,1,192000,1,1,1,0,unclear start and end dates
