coder,wikidata_name,wikidata_id,childof_name,childof_id,realparent,notes
,1989 Philippine coup attempt,Q4585384,NA,NA,,
,1991 Haitian coup d'état,Q4586873,NA,NA,,
Zoe,1993 cruise missile strikes on Iraq,Q5189962,Iraqi no-fly zones,Q899657,0,
,1993 cruise missile strikes on Iraq,Q5189962,Operation Southern Watch,Q2026406,1,
,1993 cruise missile strikes on Iraq,Q5189962,Gulf War,Q13408125,0,Gulf War disambiguation page for Persian Gulf wars
,1995 Pale air strikes,Q48799393,Operation Deny Flight,Q567343,,
,1999 F-117A shootdown,Q335259,NATO bombing of Yugoslavia,Q155723,,
,2001 Sayyd Alma Kalay airstrike,Q4599065,War in Afghanistan,Q182865,,
,2001 uprising in Herat,Q3152953,War in Afghanistan,Q1519107,0,General page for ongoing conflicts in Afghanistan since 1978
Zoe,2001 uprising in Herat,Q3152953,War in Afghanistan,Q182865,1,
Zoe,2003 attack on Karbala,Q4276950,Iraq War,Q545449,0,
,2003 attack on Karbala,Q4276950,2003 invasion of Iraq,Q107802,1,
,2003 invasion of Iraq,Q107802,Iraq War,Q545449,,
,2003 Lejay firefight,Q4601543,Helmand province campaign,Q5709231,,
,2003 Mosul raid,Q65074171,Iraq War,Q545449,,
,2004 Haitian coup d'état,Q2883469,NA,NA,,
Zoe,2007 Helmand Province airstrikes,Q4608594,War in Afghanistan,Q182865,0,
,2007 Helmand Province airstrikes,Q4608594,Helmand province campaign,Q5709231,1,
,2008 Abu Kamal raid,Q553332,Iraq War,Q545449,,
,2009 Baraawe raid,Q10751263,Operation Enduring Freedom – Horn of Africa,Q1195810,,
,2009 Kunduz airstrike,Q1848486,War in Afghanistan,Q182865,,
,2009 Makeen airstrike ,Q4614248,drone attacks in Pakistan,Q1260080,,
,2010 Sangin airstrike,Q7418013,War in Afghanistan,Q182865,,
Zoe,2011 Libyan Civil War,Q81545,Libyan Crisis,Q18702324,1,
,2011 Libyan Civil War,Q81545,Arab Spring,Q33761,0,
Zoe,2011 military intervention in Libya,Q210714,Operation Unified Protector,Q3269455,0,
,2011 military intervention in Libya,Q210714,2011 Libyan Civil War,Q81545,1,
Zoe,2011 NATO attack in Pakistan,Q543279,War in North-West Pakistan,Q179275,0,
Zoe,2011 NATO attack in Pakistan,Q543279,War in Afghanistan,Q182865,0,
,2011 NATO attack in Pakistan,Q543279,Pakistan–United States skirmishes,Q7125993,1,
,2012 Kapisa airstrike,Q4625940,War in Afghanistan,Q182865,,
,2013 raid on Barawe,Q17000965,Operation Enduring Freedom – Horn of Africa,Q1195810,,
Zoe,2013 Syrian Kurdish–Islamist conflict,Q15109939,Syrian Civil War,Q178810,0,
Zoe,2013 Syrian Kurdish–Islamist conflict,Q15109939,Rojava conflict,Q2384201,1,
,2013 Syrian Kurdish–Islamist conflict,Q15109939,Operation Inherent Resolve,Q18357664,0,
,2014 American raid in Libya,Q23022941,Operation Enduring Freedom – Trans Sahara,Q2602154,,
Zoe,2016 Dabiq offensive,Q27185813,Syrian Civil War,Q178810,0,
,2016 Dabiq offensive,Q27185813,Operation Euphrates Shield,Q26690015,1,
Zoe,2016 Sirte offensive,Q24467647,Operation Odyssey Lightning,,0,
Zoe,2016 Sirte offensive,Q24467647,military intervention against ISIL,Q17507684,0,
Zoe,2016 Sirte offensive,Q24467647,military intervention against ISIL,Q17507684,0,
Zoe,2016 Sirte offensive,Q24467647,Libyan civil war (2014–),Q16911838,0,
Zoe,2016 Sirte offensive,Q24467647,Libyan civil war (2014–),Q16911838,0,
,2016 Sirte offensive,Q24467647,American intervention in Libya,Q48731890,1,
,2016 Sirte offensive,Q24467647,American intervention in Libya,Q48731890,0,
Zoe,2017 al-Jinah airstrike,Q28983702,Syrian Civil War,Q178810,0,
,2017 al-Jinah airstrike,Q28983702,American-led intervention in Syria,Q18121212,1,
Zoe,2017 Baghdad–Damascus highway offensive,Q29991963,Syrian Civil War,Q178810,0,
,2017 Baghdad–Damascus highway offensive,Q29991963,Russian military support in the Syrian Civil War,Q21032720,1,
Zoe,2017 Mosul airstrike,Q29524697,Iraqi Civil War (2014–2017),Q17984356,0,
,2017 Mosul airstrike,Q29524697,Battle of Mosul (2016–17),Q27429856,1,
,2017 Nangarhar airstrike,Q29385187,War in Afghanistan,Q182865,,
Zoe,2017 raid on Barii,Q30625807,War on Terror,Q185729,0,
,2017 raid on Barii,Q30625807,War in Somalia (2009–),Q1052332,1,
,2017 Sangin airstrike,Q30323833,War in Afghanistan,Q182865,0,
,2017 Sangin airstrike,Q30323833,Operation Freedom's Sentinel,Q21296923,1,
Zoe,2017 Shayrat missile strike,Q29197866,Syrian Civil War,Q178810,0,
Zoe,2017 Shayrat missile strike,Q29197866,list of United States attacks on Syria during the Syrian Civil War,Q30688615,0,
,2017 Shayrat missile strike,Q29197866,American-led intervention in Syria,Q18121212,1,
Zoe,2017 southern Syria offensive,Q28162889,Syrian Civil War,Q178810,0,
Zoe,2017 southern Syria offensive,Q28162889,military intervention against ISIL,Q17507684,0,
,2017 southern Syria offensive,Q28162889,Islamic Front–Free Syrian Army conflict,Q15303938,1,
Zoe,2018 missile strikes against Syria,Q51844684,Syrian Civil War,Q178810,0,
Zoe,2018 missile strikes against Syria,Q51844684,list of United States attacks on Syria during the Syrian Civil War,Q30688615,0,
Zoe,2018 missile strikes against Syria,Q51844684,foreign involvement in the Syrian civil war,Q5468411,0,
,2018 missile strikes against Syria,Q51844684,American-led intervention in Syria,Q18121212,1,
,2019–2021 Persian Gulf crisis,Q65920364,Iran–Saudi Arabia proxy conflict,Q22948406,1,
,2019–2021 Persian Gulf crisis,Q65920364,Iran–Israel proxy conflict,Q15059994,0,
,2019–2021 Persian Gulf crisis,Q65920364,Gulf War,Q9001214,0,
Zoe,2020 Baghdad International Airport airstrike,Q80754846,American-led intervention in Iraq (2014–present),Q18159629,0,
,2020 Baghdad International Airport airstrike,Q80754846,2019–2021 Persian Gulf crisis,Q65920364,1,
,2020 Baghdad International Airport airstrike,Q80754846,American-led intervention in Iraq (2014–present),Q18159629,0,
,Abyan conflict,Q32634886,Yemeni Civil War (2015–present),Q19686631,,
Zoe,Action of 1 April 2010,Q4677292,piracy off the coast of Somalia,Q214451,0,
Zoe,Action of 1 April 2010,Q4677292,Operation Ocean Shield,Q2001981,1,
,Action of 1 April 2010,Q4677292,Operation Enduring Freedom – Horn of Africa,Q1195810,0,
Zoe,Action of 18 March 2006,Q2984712,piracy off the coast of Somalia,Q214451,0,
,Action of 18 March 2006,Q2984712,Operation Enduring Freedom – Horn of Africa,Q1195810,1,
,Action of 28 October 2007,Q4677332,Operation Enduring Freedom – Horn of Africa,Q1195810,,
,Action of 3 June 2007,Q4677356,Operation Enduring Freedom – Horn of Africa,Q1195810,,
Zoe,Al-Hasakah city offensive (June 2015),Q20241081,Syrian Civil War,Q178810,0,
Zoe,Al-Hasakah city offensive (June 2015),Q20241081,American-led intervention in Syria,Q18121212,0,
,Al-Hasakah city offensive (June 2015),Q20241081,2013 Syrian Kurdish–Islamist conflict,Q15109939,1,
Zoe,Al-Hasakah offensive,Q19428973,Syrian Civil War,Q178810,0,
Zoe,Al-Hasakah offensive,Q19428973,American-led intervention in Syria,Q18121212,0,
,Al-Hasakah offensive,Q19428973,2013 Syrian Kurdish–Islamist conflict,Q15109939,1,
Zoe,Al-Hasakah offensive,Q20050670,Syrian Civil War,Q178810,0,
Zoe,Al-Hasakah offensive,Q20050670,American-led intervention in Syria,Q18121212,0,
Zoe,Al-Hasakah offensive,Q20050670,2013 Syrian Kurdish–Islamist conflict,Q15109939,1,
Zoe,Al-Hawl Offensive (2015),Q21405560,Syrian Civil War,Q178810,0,
,Al-Hawl Offensive (2015),Q21405560,American-led intervention in Syria,Q18121212,1,
Zoe,Al-Karmah offensive (2015),Q19864219,Iraqi Civil War (2014–2017),Q17984356,0,
,Al-Karmah offensive (2015),Q19864219,American-led intervention in Iraq (2014–present),Q18159629,1,
,Al-Qaeda insurgency in Yemen,Q286436,Yemeni Civil War (2015–present),Q19686631,,
Zoe,Al-Shaddadi offensive (2016),Q22894201,Syrian Civil War,Q178810,0,
,Al-Shaddadi offensive (2016),Q22894201,American-led intervention in Syria,Q18121212,1,
Zoe,American airstrikes in Somalia,Q55603824,War in Somalia (2009–),Q1052332,0,
,American airstrikes in Somalia,Q55603824,Operation Enduring Freedom – Horn of Africa,Q1195810,1,
Zoe,American intervention in Libya,Q48731890,military intervention against ISIL,Q17507684,0,
,American intervention in Libya,Q48731890,Libyan civil war (2014–),Q16911838,1,
Zoe,American military intervention in Somalia (2007–present),Q55603824,Somali Civil War,Q243620,0,
,American military intervention in Somalia (2007–present),Q55603824,Operation Enduring Freedom – Horn of Africa,Q1195810,1,
Zoe,American-led intervention in Iraq (2014–present),Q18159629,War on Terror,Q185729,0,
Zoe,American-led intervention in Iraq (2014–present),Q18159629,Operation Inherent Resolve,Q18357664,1,
Zoe,American-led intervention in Iraq (2014–present),Q18159629,military intervention against ISIL,Q17507684,0,
Zoe,American-led intervention in Iraq (2014–present),Q18159629,Iraqi insurgency (2017–present),Q57890365,0,
,American-led intervention in Iraq (2014–present),Q18159629,Iraqi Civil War (2014–2017),Q17984356,0,
Zoe,American-led intervention in Syria,Q18121212,Syrian Civil War,Q178810,1,
Zoe,American-led intervention in Syria,Q18121212,Operation Inherent Resolve,Q18357664,0,
Zoe,American-led intervention in Syria,Q18121212,military intervention against ISIL,Q17507684,0,
,American-led intervention in Syria,Q18121212,foreign involvement in the Syrian civil war,Q5468411,0,
Zoe,Amiriyah shelter bombing,Q2071090,Gulf War air campaign,Q8256467,1,
,Amiriyah shelter bombing,Q2071090,Gulf War,Q37643,0,
Zoe,Anbar campaign (2015–16),Q22935666,Iraqi Civil War (2014–2017),Q17984356,0,
,Anbar campaign (2015–16),Q22935666,American-led intervention in Iraq (2014–present),Q18159629,1,
Zoe,Anbar offensive,Q22935666,Iraqi Civil War (2014–2017),Q17984356,0,
,Anbar offensive,Q22935666,American-led intervention in Iraq (2014–present),Q18159629,1,
,Arab Spring,Q33761,NA,NA,,
,Arab Winter,Q17512479,NA,NA,1,omitted
,Arab–Iranian conflict,Q76327897,Arab Winter,Q17512479,0,re-direct from Iran-Saudi Arabia proxy conflict
,Attack on Bari Alai,Q17182139,War in Afghanistan,Q182865,,
Zoe,Attack on Ras Tanura,Q28162756,Gulf War air campaign,Q8256467,1,
,Attack on Ras Tanura,Q28162756,Gulf War,Q37643,0,
,Azizabad airstrike,Q2909596,War in Afghanistan,Q182865,,
,Baghar China airstrike,Q4841775,War in North-West Pakistan,Q179275,,
Zoe,Banja Luka incident,Q1984410,Operation Deny Flight,Q567343,1,
,Banja Luka incident,Q1984410,Bosnian War,Q181533,0,
,Baraki Barak airstrike,Q4858273,War in Afghanistan,Q182865,,
Zoe,Barisha raid,Q72587856,War on Terror,Q185729,0,
Zoe,Barisha raid,Q72587856,Syrian Civil War,Q178810,0,
Zoe,Barisha raid,Q72587856,spillover of the Syrian Civil War,Q17272643,0,
Zoe,Barisha raid,Q72587856,Operation Inherent Resolve,Q18357664,0,
Zoe,Barisha raid,Q72587856,military intervention against ISIL,Q17507684,0,
,Barisha raid,Q72587856,American-led intervention in Syria,Q18121212,1,
Zoe,Battle for Jalibah Airfield,Q4870165,Liberation of Kuwait campaign,Q6541036,1,
,Battle for Jalibah Airfield,Q4870165,Gulf War,Q37643,0,
Zoe,Battle for Mosul Dam,Q17573637,Northern Iraq offensive,Q17984373,1,
Zoe,Battle for Mosul Dam,Q17573637,Iraqi Civil War (2014–2017),Q17984356,0,
,Battle for Mosul Dam,Q17573637,American-led intervention in Iraq (2014–present),Q18159629,0,
Zoe,Battle of 73 Easting,Q1402530,Operation Desert Storm,NA,0,
Zoe,Battle of 73 Easting,Q1402530,Liberation of Kuwait campaign,Q6541036,1,
,Battle of 73 Easting,Q1402530,Gulf War,Q37643,0,
,Battle of Abu Ghraib,Q4870210,Iraqi insurgency,Q926905,,
Zoe,Battle of Ad-Dawrah,Q4870215,Operation Desert Shield,NA,0,
,Battle of Ad-Dawrah,Q4870215,Gulf War,Q37643,0,
,Battle of Ad-Dawrah,Q4870215,Liberation of Kuwait campaign,Q6541036,1,
,Battle of Afghanya,Q4870218,War in Afghanistan,Q182865,,
Zoe,Battle of Al Busayyah,Q3636316,Operation Desert Storm,NA,0,
Zoe,Battle of Al Busayyah,Q3636316,Liberation of Kuwait campaign,Q6541036,1,
,Battle of Al Busayyah,Q3636316,Gulf War,Q37643,0,
,Battle of Al Faw (2003),Q1930510,2003 invasion of Iraq,Q107802,,
Zoe,Battle of Al Kut,Q4870238,Iraq War,Q545449,0,
,Battle of Al Kut,Q4870238,Iraq spring fighting of 2004,Q6067924,1,
,Battle of Al Kut (2003),Q18639484,2003 invasion of Iraq,Q107802,,
Zoe,Battle of Al Mukalla (2016),Q23935847,Yemeni Civil War (2015–present),Q19686631,0,
,Battle of Al Mukalla (2016),Q23935847,Saudi Arabian-led intervention in Yemen,Q19682450,1,
Zoe,Battle of al-Bab,Q27915277,Syrian Civil War,Q178810,0,
,Battle of al-Bab,Q27915277,Operation Euphrates Shield,Q26690015,1,
,Battle of al-Hasakah (2016),Q26413779,Syrian Civil War,Q178810,,
,Battle of Al-Qa'im,Q1975663,Iraq War,Q545449,,
,Battle of Alasay,Q385546,War in Afghanistan,Q182865,,
,Battle of Baghdad,Q97304250,Sectarian violence in Iraq (2006–2008),Q17183365,0,
Matt,Battle of Baghdad,Q97304250,Iraqi insurgency,Q926905,1,
,Battle of Baghdad (2003),Q1804983,2003 invasion of Iraq,Q107802,,
Zoe,Battle of Baghuz Fawqani,Q61843818,Syrian Civil War,Q178810,0,
Zoe,Battle of Baghuz Fawqani,Q61843818,Deir ez-Zor offensive,Q39899474,1,
Zoe,Battle of Baghuz Fawqani,Q61843818,American-led intervention in Syria,Q18121212,0,
,Battle of Baghuz Fawqani,Q61843818,2013 Syrian Kurdish–Islamist conflict,Q15109939,0,
Zoe,Battle of Baiji (2014–15),Q17621839,Salahuddin campaign,Q19574810,1,
Zoe,Battle of Baiji (2014–15),Q17621839,military intervention against ISIL,Q17507684,0,
,Battle of Baiji (2014–15),Q17621839,Iraqi Civil War (2014–2017),Q17984356,0,
Zoe,Battle of Baiji (October–November 2014),Q19799151,Salahuddin campaign,Q19574810,1,
Zoe,Battle of Baiji (October–November 2014),Q19799151,military intervention against ISIL,Q17507684,0,
,Battle of Baiji (October–November 2014),Q19799151,Iraqi Civil War (2014–2017),Q17984356,0,
Zoe,Battle of Baqubah,Q2237337,Operation Phantom Thunder,Q2026272,0,
Zoe,Battle of Baqubah,Q2237337,Operation Arrowhead Ripper,NA,0,
Zoe,Battle of Baqubah,Q2237337,Iraq War,Q545449,0,
,Battle of Baqubah,Q2237337,Diyala campaign,Q2935362,1,
,Battle of Barawala Kalay Valley,Q24905428,War in Afghanistan,Q182865,,
Zoe,Battle of Bargal (2007),Q4870424,War in Somalia (2006-2009),Q1072042,0,
,Battle of Bargal (2007),Q4870424,Operation Enduring Freedom – Horn of Africa,Q1195810,1,
Zoe,Battle of Basra (2003),Q2585300,Iraq War,Q545449,0,
,Battle of Basra (2003),Q2585300,2003 invasion of Iraq,Q107802,1,
Zoe,Battle of Basra (2008),Q2888122,Sectarian violence in Iraq (2006–2008),Q17183365,0,
Zoe,Battle of Basra (2008),Q2888122,Iraq War,Q545449,0,
,Battle of Basra (2008),Q2888122,Iraq spring fighting of 2008,Q6067932,0,
,Battle of Basra (2008),Q2888122,Siege of Sadr City,Q3486016,1,
,Battle of BIAP (2004),Q18639119,Iraq War,Q545449,,
,Battle of Boz Qandahari,Q28223860,War in Afghanistan,Q182865,0,
,Battle of Boz Qandahari,Q28223860,Operation Freedom's Sentinel,Q21296923,1,
Zoe,Battle of Bubiyan,Q4870581,Operation Desert Shield,NA,0,
,Battle of Bubiyan,Q4870581,Gulf War,Q37643,1,
,Battle of Chora,Q1485258,War in Afghanistan,Q182865,,
,Battle of Dahaneh,Q2888379,Helmand province campaign,Q5709231,0,
,Battle of Dahaneh,Q2888379,Battle of Now Zad,Q4871922,1,
,Battle of Debecka Pass,Q4870854,2003 invasion of Iraq,Q107802,,
Zoe,Battle of Diwaniya,Q4870879,Iraq War,Q545449,1,
,Battle of Diwaniya,Q4870879,History of Iraq (2003–11),Q6722016,0,
,Battle of Do Ab,Q4870881,War in Afghanistan,Q182865,,
,Battle of Donkey Island,Q4870899,Iraq War,Q545449,,
Zoe,Battle of Ebrahimkhel,Q4870947,War in Afghanistan,Q182865,1,
,Battle of Ebrahimkhel,Q4870947,Eastern Afghanistan,,0,
Zoe,Battle of Fallujah (2016),Q24205448,Iraqi Civil War (2014–2017),Q17984356,0,
Zoe,Battle of Fallujah (2016),Q24205448,Anbar offensive,Q22935666,0,
,Battle of Fallujah (2016),Q24205448,Anbar campaign (2015–16),Q22935666,1,
,Battle of Firebase Anaconda,Q281145,War in Afghanistan,Q182865,,
,Battle of Ganjgal,Q4871076,War in Afghanistan,Q182865,,
,Battle of Garmsir,Q4871080,Helmand province campaign,Q5709231,,
Zoe,Battle of Haditha,Q4871173,Operation Sayeed,Q7097502,1,
,Battle of Haditha,Q4871173,Iraq War,Q545449,0,
,Battle of Haditha Dam,Q40889886,2003 invasion of Iraq,Q107802,,
,Battle of Haifa Street,Q4871175,Iraq War,Q545449,,
,Battle of Hillah (2003),Q18712789,2003 invasion of Iraq,Q107802,,
Zoe,Battle of Hit (2016),Q23403028,Iraqi Civil War (2014–2017),Q17984356,0,
Zoe,Battle of Hit (2016),Q23403028,Anbar offensive,Q22935666,0,
Zoe,Battle of Hit (2016),Q23403028,Anbar campaign (2015–16),Q22935666,1,
,Battle of Hit (2016),Q23403028,American-led intervention in Iraq (2014–present),Q18159629,0,
Zoe,Battle of Husaybah (2004),Q4871257,Iraq War,Q545449,0,
,Battle of Husaybah (2004),Q4871257,Iraq spring fighting of 2004,Q6067924,1,
,Battle of Kamdesh,Q2664174,War in Afghanistan,Q182865,,
,Battle of Karbala,Q4871388,2003 invasion of Iraq,Q107802,0,
,Battle of Karbala,Q4871388,Siege of Sadr City,Q3486016,1,
Zoe,Battle of Karbala (2003),Q4178089,Iraq War,Q545449,0,
,Battle of Karbala (2003),Q4178089,2003 invasion of Iraq,Q107802,1,
Zoe,Battle of Khafji,Q718770,Operation Desert Shield,NA,0,
,Battle of Khafji,Q718770,Gulf War,Q37643,0,
,Battle of Khafji,Q718770,Liberation of Kuwait campaign,Q6541036,1,
Zoe,Battle of Khasham,Q48150708,Syrian Civil War,Q178810,0,
,Battle of Khasham,Q48150708,Deir ez-Zor offensive,Q39899474,1,
,Battle of Khaz Oruzgan,Q4871421,War in Afghanistan,Q182865,,
Zoe,Battle of Khusham (2018),Q48150708,Syrian Civil War,Q178810,0,
,Battle of Khusham (2018),Q48150708,Deir ez-Zor offensive,Q39899474,1,
Zoe,Battle of Košare,Q3303959,NATO bombing of Yugoslavia,Q155723,1,
,Battle of Košare,Q3303959,Kosovo War,Q190029,0,
,Battle of Kunduz,Q21030182,War in Afghanistan,Q182865,0,
,Battle of Kunduz,Q21030182,Operation Freedom's Sentinel,Q21296923,1,
Zoe,Battle of Kuwait International Airport,Q19428991,Liberation of Kuwait campaign,Q6541036,1,
,Battle of Kuwait International Airport,Q19428991,Gulf War,Q37643,0,
Zoe,Battle of Medina Ridge,Q1634629,Liberation of Kuwait campaign,Q6541036,1,
,Battle of Medina Ridge,Q1634629,Gulf War,Q37643,0,
,Battle of Mogadishu (1993),Q52226,Operation Gothic Serpent,Q3428977,,
,Battle of Mosul (2004),Q4871794,Iraq War,Q545449,,
Zoe,Battle of Mosul (2016–17),Q27429856,Iraqi Civil War (2014–2017),Q17984356,0,
,Battle of Mosul (2016–17),Q27429856,American-led intervention in Iraq (2014–present),Q18159629,1,
,Battle of Musa Qala,Q7510253,Helmand province campaign,Q5709231,,
,Battle of Najaf (2003),Q2068122,2003 invasion of Iraq,Q107802,,
,Battle of Najaf (2004),Q2889462,Iraq War,Q545449,,
,Battle of Najaf (2007),Q4871848,2003 invasion of Iraq,Q107802,,
,Battle of Nasiriyah,Q718851,2003 invasion of Iraq,Q107802,,
Zoe,Battle of Norfolk,Q3636553,Liberation of Kuwait campaign,Q6541036,1,
,Battle of Norfolk,Q3636553,Gulf War,Q37643,0,
,Battle of Now Zad,Q4871922,Helmand province campaign,Q5709231,,
Zoe,Battle of Panjwaii,Q3401917,War in Afghanistan,Q182865,1,
,Battle of Panjwaii,Q3401917,International Security Assistance Force,Q155654,0,
Zoe,Battle of Phase Line Bullet,Q3636571,Liberation of Kuwait campaign,Q6541036,1,
,Battle of Phase Line Bullet,Q3636571,Gulf War,Q37643,0,
,Battle of Qala-i-Jangi,Q3180637,War in Afghanistan,Q1519107,0,
Zoe,Battle of Qala-i-Jangi,Q3180637,War in Afghanistan,Q182865,1,
Zoe,Battle of Qurah and Umm al Maradim,Q4872147,Operation Desert Shield,NA,0,
,Battle of Qurah and Umm al Maradim,Q4872147,Gulf War,Q37643,0,
,Battle of Qurah and Umm al Maradim,Q4872147,Liberation of Kuwait campaign,Q6541036,1,
Zoe,Battle of Ramadi (2004),Q4872157,Iraq War,Q545449,0,
,Battle of Ramadi (2004),Q4872157,Iraq spring fighting of 2004,Q6067924,1,
,Battle of Ramadi (2006),Q2889747,Iraq War,Q545449,,
Zoe,Battle of Ramadi (2015–16),Q21685887,Iraqi Civil War (2014–2017),Q17984356,0,
Zoe,Battle of Ramadi (2015–16),Q21685887,Anbar offensive,Q22935666,0,
Zoe,Battle of Ramadi (2015–16),Q21685887,Anbar campaign (2015–16),Q22935666,1,
,Battle of Ramadi (2015–16),Q21685887,American-led intervention in Iraq (2014–present),Q18159629,0,
Zoe,Battle of Raqqa (2017),Q30140821,Syrian Civil War,Q178810,0,
Zoe,Battle of Raqqa (2017),Q30140821,Raqqa campaign (2016–2017),Q27761867,1,
Zoe,Battle of Raqqa (2017),Q30140821,American-led intervention in Syria,Q18121212,0,
,Battle of Raqqa (2017),Q30140821,2013 Syrian Kurdish–Islamist conflict,Q15109939,0,
Zoe,Battle of Ras Kamboni,Q4872168,War in Somalia (2006-2009),Q1072042,0,
,Battle of Ras Kamboni,Q4872168,Operation Enduring Freedom – Horn of Africa,Q1195810,1,
Zoe,Battle of Rumaila,Q4872216,Liberation of Kuwait campaign,Q6541036,1,
,Battle of Rumaila,Q4872216,Gulf War,Q37643,0,
,Battle of Samarra (2004),Q4087318,Iraq War,Q545449,,
,Battle of Samawah (2003),Q4872256,2003 invasion of Iraq,Q107802,,
,Battle of Sangin (2010),Q4872292,Helmand province campaign,Q5709231,,
Zoe,Battle of Sarrin (June–July 2015),Q20715216,Syrian Civil War,Q178810,0,
Zoe,Battle of Sarrin (June–July 2015),Q20715216,American-led intervention in Syria,Q18121212,0,
,Battle of Sarrin (June–July 2015),Q20715216,2013 Syrian Kurdish–Islamist conflict,Q15109939,1,
Zoe,Battle of Sarrin (March–April 2015),Q19691931,Syrian Civil War,Q178810,0,
Zoe,Battle of Sarrin (March–April 2015),Q19691931,American-led intervention in Syria,Q18121212,0,
,Battle of Sarrin (March–April 2015),Q19691931,2013 Syrian Kurdish–Islamist conflict,Q15109939,1,
,Battle of Sayyd Alma Kalay,Q4872330,War in Afghanistan,Q182865,,
,Battle of Shawali Kowt,Q4872366,War in Afghanistan,Q182865,,
,Battle of Shewan,Q2889960,War in Afghanistan,Q182865,,
,Battle of Shok Valley,Q4872371,War in Afghanistan,Q182865,,
Zoe,Battle of Suq al Ghazi,Q18148976,military intervention against ISIL,Q17507684,0,
,Battle of Suq al Ghazi,Q18148976,Iraqi Civil War (2014–2017),Q17984356,1,
Zoe,Battle of Tabqa Dam,Q29258911,Syrian Civil War,Q178810,0,
Zoe,Battle of Tabqa Dam,Q29258911,Raqqa campaign (2016–2017),Q27761867,1,
,Battle of Tabqa Dam,Q29258911,American-led intervention in Syria,Q18121212,0,
Zoe,Battle of Takur Ghar,Q4872492,War in Afghanistan,Q182865,0,
,Battle of Takur Ghar,Q4872492,Operation Anaconda,Q1476042,1,
,Battle of Tal Afar (2005),Q972831,Iraq War,Q545449,,
,Battle of Tarinkot,Q4872509,United States invasion of Afghanistan,Q19646470,,
,Battle of the Karbala Gap (2003),Q2888908,2003 invasion of Iraq,Q107802,,
,Battle of the Palm Grove,Q4872982,Iraq War,Q545449,,
Zoe,Battle of Tikrit,Q17286795,Salahuddin campaign,Q19574810,1,
,Battle of Tikrit,Q17286795,Iraqi Civil War (2014–2017),Q17984356,0,
,Battle of Tora Bora,Q2237280,United States invasion of Afghanistan,Q19646470,,
,Battle of Tora Bora (2017),Q30304278,War in Afghanistan,Q182865,0,
,Battle of Tora Bora (2017),Q30304278,Operation Freedom's Sentinel,Q21296923,1,
,Battle of Farah,Q54321840,War in Afghanistan,Q182865,0,
,Battle of Farah,Q54321840,Operation Freedom's Sentinel,Q21296923,1,
,Ghazni offensive,Q56085424,War in Afghanistan,Q182865,0,
,Ghazni offensive,Q56085424,Operation Freedom's Sentinel,Q21296923,1,
,Battle of Turki,Q4872608,Iraq War,Q545449,,
,Battle of Umm Qasr,Q2237268,2003 invasion of Iraq,Q107802,,
Zoe,Battle of Wadi Al-Batin,Q3636251,Operation Desert Shield,NA,0,
,Battle of Wadi Al-Batin,Q3636251,Gulf War,Q37643,0,
,Battle of Wadi Al-Batin,Q3636251,Liberation of Kuwait campaign,Q6541036,1,
,Battle of Wanat,Q2890373,War in Afghanistan,Q182865,,
,Bombing of Iraq,Q1327861,Iraqi no-fly zones,Q899657,0,
,Bombing of Iraq,Q1327861,Operation Southern Watch,Q2026406,1,
,Bombing of Kandahar (2001),Q4871376,War in Afghanistan,Q182865,,
,Bosnian War,Q181533,Yugoslav Wars,Q242352,,
,Chechen–Russian conflict,Q14947002,NA,NA,0,
,Chenagai airstrike,Q5091023,War in North-West Pakistan,Q179275,0,hand-coded parent
,Chenagai airstrike,Q5091023,drone attacks in Pakistan,Q1260080,1,
,Civil conflict in the Philippines,Q16146546,NA,NA,0,omitted
,Conflicts in the Horn of Africa,Q40719,NA,NA,,
,Counterinsurgency in Northern Afghanistan,Q1312389,War in Afghanistan,Q182865,,
Zoe,Cruise missile strikes on Iraq,Q1781133,Iraqi no-fly zones,Q899657,1,
Zoe,Cruise missile strikes on Iraq,Q1781133,Iraqi Kurdish Civil War,Q1154912,0,
,Cruise missile strikes on Iraq,Q1781133,Gulf War,Q13408125,0,Gulf War disambiguation page for Persian Gulf wars
Zoe,Dai Hong Dan incident,Q18204694,War on Terror,Q185729,0,
,Dai Hong Dan incident,Q18204694,Operation Enduring Freedom – Horn of Africa,Q1195810,1,
,Damadola airstrike,Q3893040,War in North-West Pakistan,Q179275,0,
,Damadola airstrike,Q3893040,drone attacks in Pakistan,Q1260080,1,
,Datta Khel airstrike,Q5227745,War in North-West Pakistan,Q179275,0,
,Datta Khel airstrike,Q5227745,drone attacks in Pakistan,Q1260080,1,
Zoe,December 2017 Chad Basin clash,Q60754741,Operation Enduring Freedom – Trans Sahara,Q2602154,1,
,December 2017 Chad Basin clash,Q60754741,Islamist insurgency in Nigeria,Q1569328,0,
Zoe,December 2018 airstrikes in Gandarshe,Q60765736,American military intervention in Somalia (2007–present),Q55603824,1,
,December 2018 airstrikes in Gandarshe,Q60765736,American airstrikes in Somalia,Q55603824,0,
,December 2019 United States airstrikes in Iraq and Syria,Q26847124,American-led intervention in Iraq (2014–present),Q18159629,0,
,December 2019 United States airstrikes in Iraq and Syria,Q26847124,American-led intervention in Syria,Q18121212,0,
,December 2019 United States airstrikes in Iraq and Syria,Q26847124,Operation Inherent Resolve,Q18357664,0,
,December 2019 United States airstrikes in Iraq and Syria,Q26847124,2019–2021 Persian Gulf crisis,Q65920364,1,
,Defense of Saudi Arabian country,,Gulf War,Q37643,,
Zoe,Deir ez-Zor Governorate clashes (April 2018),Q52941555,Syrian Civil War,Q178810,0,
,Deir ez-Zor Governorate clashes (April 2018),Q52941555,Deir ez-Zor offensive,Q39899474,1,
Zoe,Deir ez-Zor offensive,Q39899474,Syrian Civil War,Q178810,0,
Zoe,Deir ez-Zor offensive,Q39899474,American-led intervention in Syria,Q18121212,0,
,Deir ez-Zor offensive,Q39899474,2013 Syrian Kurdish–Islamist conflict,Q15109939,1,
Zoe,Derna campaign (2014–16),Q18639765,military intervention against ISIL,Q17507684,0,
,Derna campaign (2014–16),Q18639765,Libyan civil war (2014–),Q16911838,1,
,Dhusamareb airstrike,Q1328419,Operation Enduring Freedom – Horn of Africa,Q1195810,,
,Diyala campaign,Q2935362,Iraq War,Q545449,,
,Dobley airstrike,Q5286642,War in Somalia (2006-2009),Q1072042,,
Zoe,drone attacks in Pakistan,Q1260080,War on Terror,Q185729,0,
Zoe,drone attacks in Pakistan,Q1260080,War in North-West Pakistan,Q179275,1,
,drone attacks in Pakistan,Q1260080,War in Afghanistan,Q182865,0,
Zoe,Dubrava Prison bombings and executions,Q16836125,NATO bombing of Yugoslavia,Q155723,1,
,Dubrava Prison bombings and executions,Q16836125,Kosovo War,Q190029,0,
Zoe,East Aleppo offensive,Q28846183,Syrian Civil War,Q178810,0,
Zoe,East Aleppo offensive,Q28846183,Russian military support in the Syrian Civil War,Q21032720,0,
,East Aleppo offensive,Q28846183,Operation Euphrates Shield,Q26690015,1,
,Eastern Afghanistan,,War in Afghanistan,Q182865,,
Zoe,Eastern Syria insurgency,Q60761563,Syrian Civil War,Q178810,0,
Zoe,Eastern Syria insurgency,Q60761563,Rojava conflict,Q2384201,1,
,Eastern Syria insurgency,Q60761563,American-led intervention in Syria,Q18121212,0,
,Ethiopian–Somali conflict,Q5692053,NA,NA,,
Zoe,Fall of Kabul,Q5432157,War in Afghanistan,Q182865,0,
,Fall of Kabul,Q5432157,United States invasion of Afghanistan,Q19646470,1,
,Fall of Kandahar,Q2888881,War in Afghanistan,Q182865,,
,Fall of Mazar-i-Sharif,Q2889318,War in Afghanistan,Q182865,,
,Fall of Sangin,Q30686667,Helmand province campaign,Q5709231,,
,February 2021 United States airstrike in Syria,Q105707091,2019–2021 Persian Gulf crisis,Q65920364,1,
,February 2021 United States airstrike in Syria,Q105707091,American-led intervention in Syria,Q18121212,0,
,First and Second Battles of Kakarak,Q5454117,War in Afghanistan,Q182865,,
Zoe,First Battle of Fallujah,Q1537159,Iraq War,Q545449,0,
,First Battle of Fallujah,Q1537159,Iraq spring fighting of 2004,Q6067924,1,
,foreign involvement in the Syrian civil war,Q5468411,Syrian Civil War,Q178810,,handcoded parent
,Friendly fire incident at Sangin,Q2889117,Helmand province campaign,Q5709231,,
,Gora Prai airstrike,Q5584353,War in Afghanistan,Q182865,,
,Granai airstrike,Q1136783,War in Afghanistan,Q182865,,
Zoe,Grdelica train bombing,Q5598537,NATO bombing of Yugoslavia,Q155723,1,
,Grdelica train bombing,Q5598537,Kosovo War,Q190029,0,
,Gulf War,Q37643,NA,NA,,
,Gulf War air campaign,Q8256467,Gulf War,Q37643,,
,Hadramaut Insurgency,Q30682487,Yemeni Civil War (2015–present),Q19686631,,
,Haska Meyna wedding party airstrike,Q5252012,War in Afghanistan,Q182865,,
Zoe,Hawija offensive (2017),Q40532579,Iraqi Civil War (2014–2017),Q17984356,0,
,Hawija offensive (2017),Q40532579,American-led intervention in Iraq (2014–present),Q18159629,1,
Zoe,Helmand province campaign,Q5709231,War in Afghanistan,Q182865,0,
,Helmand province campaign,Q5709231,International Security Assistance Force,Q155654,1,
,History of Iraq (2003–11),Q6722016,Iraq War,Q545449,,hand-coded parent
,Hyderabad airstrike,Q5953962,War in Afghanistan,Q182865,,
,Implementation Force,Q313577,NATO intervention in Bosnia and Herzegovina,Q1091051,,
Zoe,Insurgency in Egypt,Q22935835,Timeline of the 2011–2012 Egyptian revolution,Q577539,0,
Zoe,Insurgency in Egypt,Q22935835,terrorism in Egypt,Q7703930,0,
,Insurgency in Egypt,Q22935835,Arab Winter,Q17512479,0,omitted
Zoe,Insurgency in Khyber Pakhtunkhwa,Q179275,War on Terror,Q185729,0,
,Insurgency in Khyber Pakhtunkhwa,Q179275,War in Afghanistan,Q182865,1,
,Insurgency in the Maghreb (2002–),Q632787,War on Terror,Q185729,,
Zoe,Insurgency in the North Caucasus,Q849563,military intervention against ISIL,Q17507684,0,omitted
,Insurgency in the North Caucasus,Q849563,Chechen–Russian conflict,Q14947002,0,
,International Security Assistance Force,Q155654,War in Afghanistan,Q182865,,
,Iran–Israel proxy conflict,Q15059994,NA,NA,,
Zoe,Iran–Saudi Arabia proxy conflict,Q22948406,Arab–Iranian conflict,Q76327897,0,omitted
Zoe,Iran–Saudi Arabia proxy conflict,Q22948406,Arab Winter,Q17512479,1,
,Iran–Saudi Arabia proxy conflict,Q22948406,Arab Spring,Q33761,0,
Zoe,Iraq conflict (2003–present),Q47015896,War on Terror,Q185729,0,
,Iraq conflict (2003–present),Q47015896,Operation Inherent Resolve,Q18357664,1,
,Iraq disarmament crisis,Q1433190,Lead-up to the Iraq War,Q6508337,0,
,Iraq spring fighting of 2004,Q6067924,Iraq War,Q545449,,
,Iraq spring fighting of 2008,Q6067932,Iraq War,Q545449,,
Zoe,Iraq War,Q545449,War on Terror,Q185729,0,
,Iraq War,Q545449,Iraq conflict (2003–present),Q47015896,1,
,Iraq War in Anbar Province,Q6067801,Iraq War,Q545449,,
Zoe,Iraqi Civil War (2014–2017),Q17984356,spillover of the Syrian Civil War,Q17272643,0,
Zoe,Iraqi Civil War (2014–2017),Q17984356,Iraq conflict (2003–present),Q47015896,1,
,Iraqi Civil War (2014–2017),Q17984356,Arab Winter,Q17512479,0,
,Iraqi insurgency,Q926905,Iraq War,Q545449,,
,Iraqi insurgency (2017–present),Q57890365,Iraq conflict (2003–present),Q47015896,,
Zoe,Iraqi Kurdish Civil War,Q1154912,Iraqi–Kurdish conflict,Q6068230,0,
,Iraqi Kurdish Civil War,Q1154912,Iraqi no-fly zones,Q899657,1,
Zoe,Iraqi no-fly zones,Q899657,Iraqi–Kurdish conflict,Q6068230,0,
,Iraqi no-fly zones,Q899657,Gulf War,Q37643,1,
,Iraqi–Kurdish conflict,Q6068230,NA,NA,0,omitted
,Islamic Front–Free Syrian Army conflict,Q15303938,Syrian Civil War,Q178810,,
Zoe,Islamist insurgency in Nigeria,Q1569328,Operation Enduring Freedom – Trans Sahara,Q2602154,1,hand-coded parent
,Islamist insurgency in Nigeria,Q1569328,military intervention against ISIL,Q17507684,0,
Zoe,Ja'Din shootdown incident,Q60756557,Operation Inherent Resolve,Q18357664,0,
Zoe,Ja'Din shootdown incident,Q60756557,list of United States attacks on Syria during the Syrian Civil War,Q30688615,0,
,Ja'Din shootdown incident,Q60756557,American-led intervention in Syria,Q18121212,1,
,January 1993 airstrikes on Iraq,Q105773263,Iraqi no-fly zones,Q899657,0,
,January 1993 airstrikes on Iraq,Q105773263,Gulf War,Q37643,0,
,January 1993 airstrikes on Iraq,Q105773263,Operation Southern Watch,Q2026406,1,
,June 2021 United States airstrike in Syria,Q107504334,2019–2021 Persian Gulf crisis,Q65920364,1,
,June 2021 United States airstrike in Syria,Q107504334,American-led intervention in Syria,Q18121212,0,
Zoe,Korangal Valley campaign,Q6431406,War in Afghanistan,Q182865,1,
,Korangal Valley campaign,Q6431406,Eastern Afghanistan,,0,
Zoe,Koriša bombing,Q2813755,NATO bombing of Yugoslavia,Q155723,1,
,Koriša bombing,Q2813755,Kosovo War,Q190029,0,
,Kosovo Force,Q159470,Kosovo War,Q190029,,hand-coded parent
,Kosovo War,Q190029,Yugoslav Wars,Q242352,,
Zoe,Kunduz hospital airstrike,Q21057198,War in Afghanistan,Q182865,0,
,Kunduz hospital airstrike,Q21057198,Battle of Kunduz,Q21030182,1,
Zoe,Kurdistan Islamist Conflict,Q6445800,Iraqi no-fly zones,Q899657,1,
,Kurdistan Islamist Conflict,Q6445800,Iraq War,Q545449,0,
,Laghman airstrikes,Q6472107,War in North-West Pakistan,Q179275,0,
,Laghman airstrikes,Q6472107,drone attacks in Pakistan,Q1260080,1,
,Lead-up to the Iraq War,Q6508337,Iraqi no-fly zones,Q899657,,
,Liberation of Kuwait campaign,Q6541036,Gulf War,Q37643,,
Zoe,Libyan civil war (2014–),Q16911838,Libyan Crisis,Q18702324,1,
,Libyan civil war (2014–),Q16911838,Arab Winter,Q17512479,0,
,Libyan Crisis,Q18702324,NA,NA,,
,list of United States attacks on Syria during the Syrian Civil War,Q30688615,NA,NA,0,
Zoe,Lužane bus bombing,Q6706905,NATO bombing of Yugoslavia,Q155723,1,
,Lužane bus bombing,Q6706905,Kosovo War,Q190029,0,
Zoe,Manbij offensive,Q23701421,Syrian Civil War,Q178810,0,
Zoe,Manbij offensive,Q23701421,American-led intervention in Syria,Q18121212,0,
,Manbij offensive,Q23701421,2013 Syrian Kurdish–Islamist conflict,Q15109939,1,
,Mano Gai airstrike,Q6751071,War in Afghanistan,Q182865,,
Zoe,May 2015 U.S. special forces raid in Syria,Q20860131,Syrian Civil War,Q178810,0,
,May 2015 U.S. special forces raid in Syria,Q20860131,American-led intervention in Syria,Q18121212,1,
Zoe,military intervention against ISIL,Q17507684,War on Terror,Q185729,0,
Zoe,military intervention against ISIL,Q17507684,War on Terror,Q185729,1,
Zoe,military intervention against ISIL,Q17507684,Syrian Civil War,Q178810,0,
Zoe,military intervention against ISIL,Q17507684,Syrian Civil War,Q178810,0,
Zoe,military intervention against ISIL,Q17507684,spillover of the Syrian Civil War,Q17272643,0,
Zoe,military intervention against ISIL,Q17507684,spillover of the Syrian Civil War,Q17272643,0,
Zoe,military intervention against ISIL,Q17507684,Sinai insurgency,Q7521684,0,
Zoe,military intervention against ISIL,Q17507684,Sinai insurgency,Q7521684,0,
Zoe,military intervention against ISIL,Q17507684,Libyan civil war (2014–),Q16911838,0,
Zoe,military intervention against ISIL,Q17507684,Libyan civil war (2014–),Q16911838,0,
Zoe,military intervention against ISIL,Q17507684,Islamist insurgency in Nigeria,Q1569328,0,
Zoe,military intervention against ISIL,Q17507684,Islamist insurgency in Nigeria,Q1569328,0,
Zoe,military intervention against ISIL,Q17507684,Iraqi Civil War (2014–2017),Q17984356,0,
Zoe,military intervention against ISIL,Q17507684,Iraqi Civil War (2014–2017),Q17984356,0,
,military intervention against ISIL,Q17507684,Insurgency in the North Caucasus,Q849563,0,
Zoe,military intervention against ISIL,Q17507684,Insurgency in the North Caucasus,Q849563,0,
,Miramshah airstrike,Q12327344,War in North-West Pakistan,Q179275,0,
,Miramshah airstrike,Q12327344,drone attacks in Pakistan,Q1260080,1,
,Mohmand Valley raid,Q60770016,War in Afghanistan,Q182865,,
,Moro conflict,Q1225409,Operation Enduring Freedom – Philippines,Q2631285,0,hand-coded parent
Matt,Moro conflict,Q1225409,North Borneo dispute,Q4438024,0,
Matt,Mosul offensive (2015),Q20647259,spillover of the Syrian Civil War,Q17272643,0,
Matt,Mosul offensive (2015),Q20647259,military intervention against ISIL,Q17507684,0,
,Mosul offensive (2015),Q20647259,Iraqi Civil War (2014–2017),Q17984356,1,
Matt,Mosul offensive (2016),Q23540783,Salahuddin campaign,Q19574810,0,
Matt,Mosul offensive (2016),Q23540783,Iraqi Civil War (2014–2017),Q17984356,0,
,Mosul offensive (2016),Q23540783,American-led intervention in Iraq (2014–present),Q18159629,1,
Matt,Nangarhar Offensive (2016),Q23039091,War in Afghanistan,Q182865,0,
,Nangarhar Offensive (2016),Q23039091,Eastern Afghanistan,,0,no childof_id
,Nangarhar Offensive (2016),Q23039091,Operation Freedom's Sentinel,Q21296923,1,
Matt,NATO bombing of Albanian refugees near Gjakova,Q499623,NATO bombing of Yugoslavia,Q155723,1,
,NATO bombing of Albanian refugees near Gjakova,Q499623,Kosovo War,Q190029,0,
Matt,NATO bombing of Novi Sad,Q4594928,NATO bombing of Yugoslavia,Q155723,1,
,NATO bombing of Novi Sad,Q4594928,Kosovo War,Q190029,0,
,NATO bombing of the Radio Television of Serbia headquarters,Q4475947,NATO bombing of Yugoslavia,Q155723,,
,NATO bombing of Yugoslavia,Q155723,Kosovo War,Q190029,,
,NATO intervention in Bosnia and Herzegovina,Q1091051,Bosnian War,Q181533,,
,Night raid on Narang,Q6965344,War in Afghanistan,Q182865,,
Matt,Nineveh campaign,Q7038210,Operation Phantom Phoenix,Q2026267,1,
,Nineveh campaign,Q7038210,Iraq War,Q545449,0,
Matt,Nineveh Plains offensive,Q21814411,military intervention against ISIL,Q17507684,0,
,Nineveh Plains offensive,Q21814411,Iraqi Civil War (2014–2017),Q17984356,1,
Matt,Niš cluster bombing,Q4093050,NATO bombing of Yugoslavia,Q155723,1,
,Niš cluster bombing,Q4093050,Kosovo War,Q190029,0,
,North Borneo dispute,Q4438024,NA,NA,0,
Matt,Northern al-Bab offensive,Q27630575,Syrian Civil War,Q178810,0,
,Northern al-Bab offensive,Q27630575,Operation Euphrates Shield,Q26690015,1,
Matt,Northern Aleppo offensive,Q25242026,Syrian Civil War,Q178810,0,
,Northern Aleppo offensive,Q25242026,Islamic Front–Free Syrian Army conflict,Q15303938,1,
Matt,Northern Iraq offensive,Q17984373,military intervention against ISIL,Q17507684,0,
,Northern Iraq offensive,Q17984373,Iraqi Civil War (2014–2017),Q17984356,1,
Matt,Northern Raqqa offensive (May 2016),Q24255637,Syrian Civil War,Q178810,0,
Matt,Northern Raqqa offensive (May 2016),Q24255637,American-led intervention in Syria,Q18121212,0,
,Northern Raqqa offensive (May 2016),Q24255637,2013 Syrian Kurdish–Islamist conflict,Q15109939,1,
Matt,November 2015 Sinjar offensive,Q21472342,spillover of the Syrian Civil War,Q17272643,0,
Matt,November 2015 Sinjar offensive,Q21472342,Iraqi Civil War (2014–2017),Q17984356,0,
,November 2015 Sinjar offensive,Q21472342,American-led intervention in Iraq (2014–present),Q18159629,1,
Matt,November 2017 Somalia airstrike,Q60755056,American military intervention in Somalia (2007–present),Q55603824,0,
,November 2017 Somalia airstrike,Q60755056,American airstrikes in Somalia,Q55603824,1,
,Objective Buford,,2003 invasion of Iraq,Q107802,,
,Operation Abalone,,2003 invasion of Iraq,Q107802,,
,Operation Abilene,,2003 invasion of Iraq,Q107802,,
Matt,Operation Able Rising Force,Q7096724,War on Terror,Q185729,0,
,Operation Able Rising Force,Q7096724,Iraq War,Q545449,1,
Matt,Operation Able Warrior,Q7096725,War on Terror,Q185729,0,
,Operation Able Warrior,Q7096725,Iraq War,Q545449,1,
,Operation Achilles,Q1616794,Helmand province campaign,Q5709231,,
,Operation Agave L,,2003 invasion of Iraq,Q107802,,
Matt,Operation Airborne Dragon,Q7096734,Operation Northern Delay,Q7097340,1,
,Operation Airborne Dragon,Q7096734,Iraq War,Q545449,0,
,Operation Al Majid,Q7096735,Iraq War in Anbar Province,Q6067801,,
,"Operation al Salam, (Peace)",,2003 invasion of Iraq,Q107802,,
,Operation Alabama,,2003 invasion of Iraq,Q107802,,
,Operation Alaska,,2003 invasion of Iraq,Q107802,,
,Operation All American Tiger,,2003 invasion of Iraq,Q107802,,
Matt,Operation Alljah,Q7096739,Operation Phantom Thunder,Q2026272,1,
,Operation Alljah,Q7096739,Iraq War,Q545449,0,
,Operation Aloha,,2003 invasion of Iraq,Q107802,,
,Operation Ameliyet,,2003 invasion of Iraq,Q107802,,
,Operation Anaconda,Q1476042,War in Afghanistan,Q182865,,
,Operation Anchorage,,2003 invasion of Iraq,Q107802,,
,Operation Arbead II,Q7096757,Iraq War,Q545449,,
,Operation Arctic Sunrise,,2003 invasion of Iraq,Q107802,,
,Operation Ardennes,Q7096760,Iraq War,Q545449,,
,Operation Arizona,,2003 invasion of Iraq,Q107802,,
,Operation Arrowhead Blizzard,,2003 invasion of Iraq,Q107802,,
,Operation Arrowhead Ripper,,Operation Phantom Thunder,Q2026272,,
,Operation Arrowhead Strike 10,,2003 invasion of Iraq,Q107802,,
,Operation Arrowhead Strike 9,,2003 invasion of Iraq,Q107802,,
,Operation Arrowhead Strike III,,2003 invasion of Iraq,Q107802,,
,Operation Arrowhead Strike VI,,2003 invasion of Iraq,Q107802,,
Matt,Operation Asbury Park,Q7096764,War on Terror,Q185729,0,
,Operation Asbury Park,Q7096764,War in Afghanistan,Q182865,1,
,Operation Aston,,2003 invasion of Iraq,Q107802,,
Matt,Operation Augurs of Prosperity,Q3354646,Iraq War,Q545449,0,
,Operation Augurs of Prosperity,Q3354646,Diyala campaign,Q2935362,1,"childof hyperlink text is post-invasion Iraq, but links to Diyala campaign"
Matt,Operation Avalanche (Afghanistan),Q7096775,War in Afghanistan,Q182865,1,
,Operation Avalanche (Afghanistan),Q7096775,International Security Assistance Force,Q155654,0,
,Operation Babil Perimeter,,2003 invasion of Iraq,Q107802,,
,Operation Backbreaker,,2003 invasion of Iraq,Q107802,,
,Operation Badlands,Q7096780,Iraq War,Q545449,,
,Operation Balad Musalahah,,2003 invasion of Iraq,Q107802,,
,Operation Banzeen,,2003 invasion of Iraq,Q107802,,
,Operation Bastille,,2003 invasion of Iraq,Q107802,,
,Operation Bastogne,,2003 invasion of Iraq,Q107802,,
,Operation Baton Rouge,,2003 invasion of Iraq,Q107802,,
,Operation Bayonet Lightning,Q7096794,Iraq War,Q545449,,
,Operation Beach Yellow,,2003 invasion of Iraq,Q107802,,
,Operation Bear,,2003 invasion of Iraq,Q107802,,
,Operation Beastmaster,,2003 invasion of Iraq,Q107802,,
,Operation Bell Hurriyah (Enjoy Freedom),,2003 invasion of Iraq,Q107802,,
,Operation Belleau Wood,,2003 invasion of Iraq,Q107802,,
,Operation Bellicose Bastian,,2003 invasion of Iraq,Q107802,,
,Operation Bethel,,2003 invasion of Iraq,Q107802,,
,Operation Big Dig,,2003 invasion of Iraq,Q107802,,
Matt,Operation Black Eagle,Q3354655,Iraq War,Q545449,1,
,Operation Black Eagle,Q3354655,History of Iraq (2003–11),Q6722016,0,"childof hyperlink text is post-invasion Iraq, but links to History of Iraq (2003-11)"
,Operation Black Eagle II,,2003 invasion of Iraq,Q107802,,
,Operation Black Shark,,2003 invasion of Iraq,Q107802,,
,Operation Black Typhoon,,2003 invasion of Iraq,Q107802,,
,Operation Block Party,,2003 invasion of Iraq,Q107802,,
,Operation Block Party II,,2003 invasion of Iraq,Q107802,,
,Operation Blore Heath II,,2003 invasion of Iraq,Q107802,,
,Operation Blue Sword,,Helmand province campaign,Q5709231,,
,Operation Bold Action,,2003 invasion of Iraq,Q107802,,
,Operation Bone Breaker,,2003 invasion of Iraq,Q107802,,
,Operation Boothill,,2003 invasion of Iraq,Q107802,,
,Operation Bow Country,,2003 invasion of Iraq,Q107802,,
,Operation Bowie,,2003 invasion of Iraq,Q107802,,
,Operation Brown Hawk,,2003 invasion of Iraq,Q107802,,
,Operation Bruins(Dibbah),,2003 invasion of Iraq,Q107802,,
,Operation Brutus,,2003 invasion of Iraq,Q107802,,
,Operation Bull Dawg Chariot,,2003 invasion of Iraq,Q107802,,
Matt,Operation Bull Run,Q11798527,Operation Phantom Thunder,Q2026272,1,
,Operation Bull Run,Q11798527,History of Iraq (2003–11),Q6722016,0,"childof hyperlink text is post-invasion Iraq, but links to History of Iraq (2003-11)"
,Operation Bulldog,,2003 invasion of Iraq,Q107802,,
Matt,Operation Bulldog Bite,Q7096856,War in Afghanistan,Q182865,1,
,Operation Bulldog Bite,Q7096856,Eastern Afghanistan,,0,
,Operation Bulldog Mammoth,Q7096859,Iraq War,Q545449,,
,Operation Buzzard,,Operation Jacana,Q3354735,,
,Operation Cajun Mousetrap II,,2003 invasion of Iraq,Q107802,,
,Operation Cajun Mousetrap III,,2003 invasion of Iraq,Q107802,,
,Operation California,,2003 invasion of Iraq,Q107802,,
,Operation Carentan,,2003 invasion of Iraq,Q107802,,
,Operation Castine,,2003 invasion of Iraq,Q107802,,
,Operation Cave Dweller,,2003 invasion of Iraq,Q107802,,
,Operation Centaur Fast Gas,,2003 invasion of Iraq,Q107802,,
,Operation Centaur Rodeo,,2003 invasion of Iraq,Q107802,,
,Operation Centaur Showdown,,2003 invasion of Iraq,Q107802,,
,Operation Centaur Strike II,,2003 invasion of Iraq,Q107802,,
,Operation Centaur Strike III,,2003 invasion of Iraq,Q107802,,
,Operation Chalons,,2003 invasion of Iraq,Q107802,,
,Operation Chamberlain,,2003 invasion of Iraq,Q107802,,
Matt,Operation Champion Sword,Q7096884,War in Afghanistan,Q182865,0,
,Operation Champion Sword,Q7096884,International Security Assistance Force,Q155654,1,
,Operation Checkmate,,2003 invasion of Iraq,Q107802,,
,Operation Chepultepec,,2003 invasion of Iraq,Q107802,,
,Operation Chesterfield,,2003 invasion of Iraq,Q107802,,
,Operation Chicken Coup,,2003 invasion of Iraq,Q107802,,
,Operation Chicken Coup II,,2003 invasion of Iraq,Q107802,,
,Operation China Shop,,2003 invasion of Iraq,Q107802,,
,Operation China Shop II,,2003 invasion of Iraq,Q107802,,
,Operation Choke Hold,,2003 invasion of Iraq,Q107802,,
,Operation Chosin,,2003 invasion of Iraq,Q107802,,
,Operation Church,,2003 invasion of Iraq,Q107802,,
,Operation Clean Sweep,,2003 invasion of Iraq,Q107802,,
,Operation Clear Area,,2003 invasion of Iraq,Q107802,,
,Operation Clear Decision,,2003 invasion of Iraq,Q107802,,
,Operation Clydesdale,,2003 invasion of Iraq,Q107802,,
,Operation Cobra Strike (2006),,2003 invasion of Iraq,Q107802,,
,Operation Cobra Strike (2007),,2003 invasion of Iraq,Q107802,,
,Operation Cobra Sweep,,2003 invasion of Iraq,Q107802,,
,Operation Cobra's Anger,Q1128855,Helmand province campaign,Q5709231,0,
,Operation Cobra's Anger,Q1128855,Battle of Now Zad,Q4871922,1,
,Operation Cobweb (MND-CS),,2003 invasion of Iraq,Q107802,,
,Operation Comanche Swarm III,,2003 invasion of Iraq,Q107802,,
,Operation Combined Justice,,2003 invasion of Iraq,Q107802,,
,Operation Commando Dive,,2003 invasion of Iraq,Q107802,,
Matt,Operation Commando Eagle,Q7096918,Operation Phantom Thunder,Q2026272,1,
,Operation Commando Eagle,Q7096918,History of Iraq (2003–11),Q6722016,0,"childof hyperlink text is post-invasion Iraq, but links to History of Iraq (2003-11)"
,Operation Commando Hunter,,2003 invasion of Iraq,Q107802,,
,Operation Constant Solidarity,,2003 invasion of Iraq,Q107802,,
Matt,Operation Constitution Hammer,NA,Operation Sayeed,Q7097502,1,
Matt,Operation Constitution Hammer,,Operation Sayeed,Q7097502,0,
,Operation Constitution Hammer,,2003 invasion of Iraq,Q107802,0,
,Operation Coolspring VIII,,2003 invasion of Iraq,Q107802,,
,Operation Copperas Cove,,2003 invasion of Iraq,Q107802,,
,Operation Cornhusker,,2003 invasion of Iraq,Q107802,,
,Operation Cotton Bowl,,2003 invasion of Iraq,Q107802,,
,Operation Cougar,,2003 invasion of Iraq,Q107802,,
,Operation Council Grove II,,2003 invasion of Iraq,Q107802,,
,Operation Cowpens,,2003 invasion of Iraq,Q107802,,
,Operation Crescent Wind,Q7096941,War in Afghanistan,Q182865,,War in Afghanistan and Afghan Civil War link to same wikidata item
,Operation Crimson Shogun,,2003 invasion of Iraq,Q107802,,
,Operation Cyclone,NA,Operation Sayeed,Q7097502,0,
Matt,Operation Cyclone,,Operation Sayeed,Q7097502,1,
,Operation Cyclone(Zoba),,2003 invasion of Iraq,Q107802,,
,Operation Dagger,Q7096953,Iraq War,Q545449,,
,Operation Dallas,,2003 invasion of Iraq,Q107802,,
,Operation Danger Fortitude,,2003 invasion of Iraq,Q107802,,
,Operation Dawn (Al Fajr),,2003 invasion of Iraq,Q107802,,
,Operation Dealer,,2003 invasion of Iraq,Q107802,,
,Operation Defeat Al Qaeda in the North,Q7096967,Iraq War,Q545449,,
Matt,Operation Deliberate Force,Q160774,NATO intervention in Bosnia and Herzegovina,Q1091051,1,
,Operation Deliberate Force,Q160774,Bosnian War,Q181533,0,
,Operation Demon Digger,,2003 invasion of Iraq,Q107802,,
,Operation Deny Flight,Q567343,NATO intervention in Bosnia and Herzegovina,Q1091051,0,
,Operation Deny Flight,Q567343,Stabilisation Force in Bosnia and Herzegovina,Q313440,1,
,Operation Desert Scorpion (Iraq 2003),Q7096982,Iraq War,Q545449,,
Matt,Operation Desert Shield,NA,Gulf War,Q37643,1,
,Operation Desert Shield,,Defense of Saudi Arabian country,,0,
Matt,Operation Desert Spring,Q7096978,NA,NA,0,
,Operation Desert Spring,Q7096978,Iraqi no-fly zones,Q899657,1,
,Operation Desert Storm,Q37643,Liberation of Kuwait campaign,Q6541036,0,
,Operation Desert Thrust,Q7096979,Iraq War,Q545449,,
Matt,Operation Desert Thunder,Q3354687,Iraqi no-fly zones,Q899657,1,
,Operation Desert Thunder,Q3354687,Iraq disarmament crisis,Q1433190,0,
,Operation Destroyer Strike,,2003 invasion of Iraq,Q107802,,
,Operation Determined Falcon,NA,NATO bombing of Yugoslavia,Q155723,0,
Matt,Operation Determined Falcon,,NATO bombing of Yugoslavia,Q155723,1,
,Operation Devil Clinch,,2003 invasion of Iraq,Q107802,,
,Operation Devil Siphon,,2003 invasion of Iraq,Q107802,,
,Operation Devil Thrust,,2003 invasion of Iraq,Q107802,,
,Operation Dirty Harry,,2003 invasion of Iraq,Q107802,,
,Operation Dixon,,2003 invasion of Iraq,Q107802,,
,Operation Diyala Border Police Audit,,2003 invasion of Iraq,Q107802,,
,Operation Dragon Fire,,2003 invasion of Iraq,Q107802,,
,Operation Dragon Fire East,Q7097002,Iraq War,Q545449,,
,Operation Dragon Fox,,2003 invasion of Iraq,Q107802,,
,Operation Dragon Hammer,,2003 invasion of Iraq,Q107802,,
,Operation Dragon Strike,Q2026053,War in Afghanistan,Q182865,,
,Operation Dragon Surge,,2003 invasion of Iraq,Q107802,,
,Operation Dragon Talon II,,2003 invasion of Iraq,Q107802,,
,Operation Dragon Victory,,2003 invasion of Iraq,Q107802,,
,Operation Dragons Breath,,2003 invasion of Iraq,Q107802,,
,Operation Duke Fortitude,,2003 invasion of Iraq,Q107802,,
,Operation Duke Fury,,2003 invasion of Iraq,Q107802,,
,Operation Duliyah Sunrise,,2003 invasion of Iraq,Q107802,,
,Operation Dunlap,,2003 invasion of Iraq,Q107802,,
Matt,Operation Eagle Ares,Q7097017,Iraq War,Q545449,1,
,Operation Eagle Ares,Q7097017,2003 invasion of Iraq,Q107802,0,
,Operation Eagle Chickmauga,,2003 invasion of Iraq,Q107802,,
,Operation Eagle Claw XI,,2003 invasion of Iraq,Q107802,,
,Operation Eagle Curtain,,2003 invasion of Iraq,Q107802,,
,Operation Eagle Dive I,,2003 invasion of Iraq,Q107802,,
,Operation Eagle Dive II,,2003 invasion of Iraq,Q107802,,
,Operation Eagle Fury,Q7097022,Helmand province campaign,Q5709231,,
,Operation Eagle Liberty 3,,2003 invasion of Iraq,Q107802,,
,Operation Eagle Lightning,,2003 invasion of Iraq,Q107802,,
,Operation Eagle North,,2003 invasion of Iraq,Q107802,,
,Operation Eagle Shiloh III,,2003 invasion of Iraq,Q107802,,
,Operation Eagle Sweep,,2003 invasion of Iraq,Q107802,,
,Operation Eagle Talon,,2003 invasion of Iraq,Q107802,,
,Operation Eagle Thunder III,,2003 invasion of Iraq,Q107802,,
,Operation Eagle Venture IV,,2003 invasion of Iraq,Q107802,,
,Operation Eagle Watch,,2003 invasion of Iraq,Q107802,,
,Operation Eagle's Eye,,Helmand province campaign,Q5709231,,
,Operation Eagle's Summit,Q3354694,Helmand province campaign,Q5709231,,
,Operation Eagles,,2003 invasion of Iraq,Q107802,,
,Operation East Lansing,,2003 invasion of Iraq,Q107802,,
,Operation Eastern Fury,,2003 invasion of Iraq,Q107802,,
,Operation El Toro Loco,,2003 invasion of Iraq,Q107802,,
,Operation Elfin Cove,,2003 invasion of Iraq,Q107802,,
Matt,Operation Enduring Freedom,Q326668,War on Terror,Q185729,1,
,Operation Enduring Freedom,Q326668,War in Afghanistan,Q182865,0,
Matt,Operation Enduring Freedom – Horn of Africa,Q1195810,Somalia War (2006–2009),Q1072042,0,
Matt,Operation Enduring Freedom – Horn of Africa,Q1195810,Somali Civil War (2009–present),Q1052332,0,
,Operation Enduring Freedom – Horn of Africa,Q1195810,Operation Enduring Freedom,Q326668,1,
Matt,Operation Enduring Freedom – Philippines,Q2631285,War on Terror,Q185729,0,
Matt,Operation Enduring Freedom – Philippines,Q2631285,War in Afghanistan,Q182865,0,
Matt,Operation Enduring Freedom – Philippines,Q2631285,Operation Enduring Freedom,Q326668,1,
,Operation Enduring Freedom – Philippines,Q2631285,Civil conflict in the Philippines,Q16146546,0,
Matt,Operation Enduring Freedom – Trans Sahara,Q2602154,War on Terror,Q185729,0,
Matt,Operation Enduring Freedom – Trans Sahara,Q2602154,Operation Enduring Freedom,Q326668,0,
,Operation Enduring Freedom – Trans Sahara,Q2602154,Insurgency in the Maghreb (2002–),Q632787,1,
,Operation Estonia,,2003 invasion of Iraq,Q107802,,
Matt,Operation Euphrates Shield,Q26690015,Turkish involvement in the Syrian Civil War,Q18208094,1,
Matt,Operation Euphrates Shield,Q26690015,Turkey–ISIL conflict,Q20743978,0,
Matt,Operation Euphrates Shield,Q26690015,Syrian Civil War,Q178810,0,
Matt,Operation Euphrates Shield,Q26690015,Rojava conflict,Q2384201,0,
Matt,Operation Euphrates Shield,Q26690015,military intervention against ISIL,Q17507684,0,
,Operation Euphrates Shield,Q26690015,American-led intervention in Syria,Q18121212,0,
,Operation Falcon Freedom,,2003 invasion of Iraq,Q107802,,
,Operation Falcon Fury,,2003 invasion of Iraq,Q107802,,
,Operation Falcon Fury II,,2003 invasion of Iraq,Q107802,,
,Operation Falcon Sweep,,2003 invasion of Iraq,Q107802,,
,Operation Falkirk,,2003 invasion of Iraq,Q107802,,
,Operation Fiesta Bowl,,2003 invasion of Iraq,Q107802,,
,Operation Fiesta Bowl II,,2003 invasion of Iraq,Q107802,,
,Operation Final Cut,,2003 invasion of Iraq,Q107802,,
,Operation Final Strike (Al Dharba Al Nihaa'ya),,2003 invasion of Iraq,Q107802,,
,Operation Firecracker,,2003 invasion of Iraq,Q107802,,
,Operation Flea Flicker,,2003 invasion of Iraq,Q107802,,
,Operation Floodlight,,2003 invasion of Iraq,Q107802,,
,Operation Focus,,2003 invasion of Iraq,Q107802,,
,Operation Fontana,,2003 invasion of Iraq,Q107802,,
Matt,Operation Forsythe Park,Q7097057,Iraq War,Q545449,1,
,Operation Forsythe Park,Q7097057,2003 invasion of Iraq,Q107802,0,
,Operation Four Brothers,,2003 invasion of Iraq,Q107802,,
Matt,Operation Freedom's Sentinel,Q21296923,War on Terror,Q185729,0,
Matt,Operation Freedom's Sentinel,Q21296923,War in Afghanistan,Q182865,0,
,Operation Freedom's Sentinel,Q21296923,Resolute Support Mission,Q18651204,1,
,Operation Gala-e Gorg,,Counterinsurgency in Northern Afghanistan,Q1312389,,
,Operation Gator Inn,,2003 invasion of Iraq,Q107802,,
,Operation Gaugamela,Q7097069,Iraq War,Q545449,,
,Operation Gecko,,2003 invasion of Iraq,Q107802,,
,Operation Gecko III A,,2003 invasion of Iraq,Q107802,,
,Operation Gecko IIIB,,2003 invasion of Iraq,Q107802,,
,Operation Geronimo Strike,,2003 invasion of Iraq,Q107802,,
,Operation Geronimo Strike II,,2003 invasion of Iraq,Q107802,,
,Operation Geronimo Strike III,,2003 invasion of Iraq,Q107802,,
,Operation Gimlet Crusader,,2003 invasion of Iraq,Q107802,,
,Operation Gimlet Silent Sniper,,2003 invasion of Iraq,Q107802,,
,Operation Gimlet Victory,,2003 invasion of Iraq,Q107802,,
,Operation Giuliani,,2003 invasion of Iraq,Q107802,,
,Operation Gladiator,,2003 invasion of Iraq,Q107802,,
,Operation Glory Light,,2003 invasion of Iraq,Q107802,,
,Operation God help us (Ala Allah),,2003 invasion of Iraq,Q107802,,
,Operation Godfather,,Helmand province campaign,Q5709231,,
,Operation Gold Digger,,2003 invasion of Iraq,Q107802,,
,Operation Golden Eagle II,,2003 invasion of Iraq,Q107802,,
Matt,Operation Gothic Serpent,Q3428977,United Nations Operation in Somalia II,Q1778229,1,
,Operation Gothic Serpent,Q3428977,Somali Civil War,Q243620,0,
,Operation Gravel Dump,,2003 invasion of Iraq,Q107802,,
,Operation Great Lakes,,2003 invasion of Iraq,Q107802,,
,Operation Green Angel,,2003 invasion of Iraq,Q107802,,
,Operation Green Light,NA,Operation Sayeed,Q7097502,0,
Matt,Operation Green Light,,Operation Sayeed,Q7097502,1,
,Operation Green Trident,,2003 invasion of Iraq,Q107802,,
,Operation Grey Wolf II,,2003 invasion of Iraq,Q107802,,
,Operation Greywolf Hammer II,,2003 invasion of Iraq,Q107802,,
,Operation Grizzly Forced Entry,,2003 invasion of Iraq,Q107802,,
,Operation Guardian Sword,NA,Operation Sayeed,Q7097502,0,
Matt,Operation Guardian Sword,,Operation Sayeed,Q7097502,1,
,Operation Guardian Tiger IV,Q7097106,Iraq War,Q545449,,
,Operation Guardian Torch,,2003 invasion of Iraq,Q107802,,
,Operation Gun Barrel City,,2003 invasion of Iraq,Q107802,,
,Operation Haifa Street,,2003 invasion of Iraq,Q107802,,
,Operation Half Nelson,,2003 invasion of Iraq,Q107802,,
Matt,Operation Halmazag,Q1234017,War in Afghanistan,Q182865,0,
,Operation Halmazag,Q1234017,Counterinsurgency in Northern Afghanistan,Q1312389,1,
,Operation Hammer (Afghanistan),Q3030335,Helmand province campaign,Q5709231,,
,Operation Hammer Down,Q30589255,War in Afghanistan,Q182865,,
,Operation Harekate Yolo,Q1511923,War in Afghanistan,Q182865,,
,Operation Harpoon (2002),Q2396979,War in Afghanistan,Q182865,,
,Operation Hastings,,2003 invasion of Iraq,Q107802,,
Matt,Operation Haven Denial,Q7097122,War in Afghanistan,Q182865,1,
,Operation Haven Denial,Q7097122,Eastern Afghanistan,,0,
,Operation Hawaii II,,2003 invasion of Iraq,Q107802,,
,Operation Hawaii III,,2003 invasion of Iraq,Q107802,,
,Operation Hedgehog,,2003 invasion of Iraq,Q107802,,
,Operation Hermes,,2003 invasion of Iraq,Q107802,,
,Operation Hickory View,,2003 invasion of Iraq,Q107802,,
,Operation Hit and Run,,2003 invasion of Iraq,Q107802,,
,Operation Home Run,,2003 invasion of Iraq,Q107802,,
,Operation Hoplite,,2003 invasion of Iraq,Q107802,,
,Operation Howard,,2003 invasion of Iraq,Q107802,,
,Operation Hudson,,2003 invasion of Iraq,Q107802,,
,Operation Hunter (Sayaid),,2003 invasion of Iraq,Q107802,,
,Operation Hurricane,,2003 invasion of Iraq,Q107802,,
,Operation Hurricane II,,2003 invasion of Iraq,Q107802,,
Matt,Operation Imposing Law,Q1747422,Operation Phantom Thunder,Q2026272,0,
,Operation Imposing Law,Q1747422,History of Iraq (2003–11),Q6722016,0,"childof hyperlink text is post-invasion Iraq, but links to History of Iraq (2003-11)"
Matt,Operation Imposing Law,Q1747422,Battle of Baghdad,Q97304250,0,
,Operation Imposing Law,Q1747422,Siege of Sadr City,Q3486016,1,
,Operation Indian Ocean,Q18128999,War in Somalia (2009–),Q1052332,,
,Operation Industrial Revolution,,2003 invasion of Iraq,Q107802,,
,Operation Industrial Sweep,,2003 invasion of Iraq,Q107802,,
,Operation Infinite Reach,Q837887,NA,NA,,
Matt,Operation Inherent Resolve,Q18357664,War on Terror,Q185729,0,
Matt,Operation Inherent Resolve,Q18357664,military intervention against ISIL,Q17507684,1,
,Operation Inherent Resolve,Q18357664,Iraqi Civil War (2014–2017),Q17984356,0,
Matt,Operation Instant Thunder,Q7097167,Operation Desert Storm,NA,0,
Matt,Operation Instant Thunder,Q7097167,Liberation of Kuwait campaign,Q6541036,0,
Matt,Operation Instant Thunder,Q7097167,Gulf War air campaign,Q8256467,1,
,Operation Instant Thunder,Q7097167,Gulf War,Q37643,0,
,Operation Iraqi Home Protector,,2003 invasion of Iraq,Q107802,,
,Operation Iron Arrow I,,2003 invasion of Iraq,Q107802,,
,Operation Iron Arrow II,,2003 invasion of Iraq,Q107802,,
,Operation Iron Blitz,,2003 invasion of Iraq,Q107802,,
,Operation Iron Bullet,,2003 invasion of Iraq,Q107802,,
,Operation Iron Fist,NA,Operation Sayeed,Q7097502,0,
Matt,Operation Iron Fist,,Operation Sayeed,Q7097502,1,
,Operation Iron Fist (Kabda Bil Hadid),,2003 invasion of Iraq,Q107802,,
,Operation Iron Fist II,,2003 invasion of Iraq,Q107802,,
,Operation Iron Force,,2003 invasion of Iraq,Q107802,,
,Operation Iron Fury,,2003 invasion of Iraq,Q107802,,
,Operation Iron Fury II,,2003 invasion of Iraq,Q107802,,
,Operation Iron Gate,,2003 invasion of Iraq,Q107802,,
,Operation Iron Gator,,2003 invasion of Iraq,Q107802,,
,Operation Iron Grip,,2003 invasion of Iraq,Q107802,,
Matt,Operation Iron Hammer,NA,Operation Sayeed,Q7097502,0,
Matt,Operation Iron Hammer,,Operation Sayeed,Q7097502,1,
,Operation Iron Hammer,,Operation Phantom Strike,Q1697088,0,
Matt,Operation Iron Hammer (Iraq 2003),Q7097172,War on Terror,Q185729,0,
,Operation Iron Hammer (Iraq 2003),Q7097172,Iraq War,Q545449,1,
,Operation Iron Hammer (Iraq 2005),Q7097173,Iraq War,Q545449,,
Matt,Operation Iron Harvest,,Operation Phantom Phoenix,Q2026267,1,
,Operation Iron Harvest,,2003 invasion of Iraq,Q107802,0,
,Operation Iron Justice,Q7097175,Iraq War,Q545449,,
,Operation Iron Promise,,2003 invasion of Iraq,Q107802,,
Matt,Operation Iron Reaper,,Operation Phantom Strike,Q1697088,1,
,Operation Iron Reaper,,2003 invasion of Iraq,Q107802,0,
,Operation Iron Resolve,,2003 invasion of Iraq,Q107802,,
,Operation Iron Roundup II,,2003 invasion of Iraq,Q107802,,
Matt,Operation Iron Saber,Q7097177,Iraq War,Q545449,1,
,Operation Iron Saber,Q7097177,2003 invasion of Iraq,Q107802,0,
Matt,Operation Iron Triangle,Q7097176,Iraq War,Q545449,1,
,Operation Iron Triangle,Q7097176,2003 invasion of Iraq,Q107802,0,
,Operation Ithaca,,2003 invasion of Iraq,Q107802,,
,Operation Ivy Blizzard,Q7097180,Iraq War,Q545449,,
,Operation Ivy Cyclone,,2003 invasion of Iraq,Q107802,,
,Operation Ivy Cyclone II,,2003 invasion of Iraq,Q107802,,
,Operation Ivy Lightning,,2003 invasion of Iraq,Q107802,,
,Operation Ivy Needle,,2003 invasion of Iraq,Q107802,,
,Operation Ivy Serpent,,2003 invasion of Iraq,Q107802,,
,Operation Jacana,Q3354735,War in Afghanistan,Q182865,,
,Operation Jalil,,2003 invasion of Iraq,Q107802,,
,Operation Jaws V,,2003 invasion of Iraq,Q107802,,
,Operation Justice League,,2003 invasion of Iraq,Q107802,,
,Operation Justice Reach,,2003 invasion of Iraq,Q107802,,
,Operation K,,2003 invasion of Iraq,Q107802,,
,Operation Kaika,Q3354740,Helmand province campaign,Q5709231,,
,Operation Karez,Q1518797,War in Afghanistan,Q182865,,
,Operation Kennesaw Dragon,,2003 invasion of Iraq,Q107802,,
,Operation Kentucky,,2003 invasion of Iraq,Q107802,,
,Operation Keystone Sweep,,2003 invasion of Iraq,Q107802,,
,Operation Khanjar,,Helmand province campaign,Q5709231,,
,Operation King Tut,,2003 invasion of Iraq,Q107802,,
,Operation Knockout,,2003 invasion of Iraq,Q107802,,
,Operation Koa Canyon (Wadi Aljundi),,2003 invasion of Iraq,Q107802,,
,Operation Lancer Fury,,2003 invasion of Iraq,Q107802,,
,Operation Lancer Lightning,,2003 invasion of Iraq,Q107802,,
,Operation Lanthonid,,2003 invasion of Iraq,Q107802,,
Matt,Operation Larchwood 4,Q23043314,Iraq War,Q545449,1,
,Operation Larchwood 4,Q23043314,2003 invasion of Iraq,Q107802,0,
,Operation Legion Pursuit II,,2003 invasion of Iraq,Q107802,,
,Operation Leyte Gulf,Q7097226,Iraq War,Q545449,,
Matt,Operation Liberty Express,NA,Operation Sayeed,Q7097502,0,
Matt,Operation Liberty Express,,Operation Sayeed,Q7097502,1,
,Operation Liberty Express,,2003 invasion of Iraq,Q107802,0,
,Operation Lightning (Al Barkh),,2003 invasion of Iraq,Q107802,,
,Operation Lightning Blitz,,2003 invasion of Iraq,Q107802,,
,Operation Lightning Hammer,,2003 invasion of Iraq,Q107802,,
,Operation Lightning Hammer I,,Operation Phantom Strike,Q1697088,,
Matt,Operation Lightning Hammer II,,Operation Phantom Strike,Q1697088,1,
,Operation Lightning Hammer II,,2003 invasion of Iraq,Q107802,0,
,Operation Lightning Strike,NA,Operation Sayeed,Q7097502,0,
Matt,Operation Lightning Strike,,Operation Sayeed,Q7097502,1,
,Operation Lion,,2003 invasion of Iraq,Q107802,,
,Operation Lion Hunt,,2003 invasion of Iraq,Q107802,,
,Operation Lion Hunt II,,2003 invasion of Iraq,Q107802,,
Matt,Operation Lion's Leap,Q7097238,Iraq War,Q545449,1,
,Operation Lion's Leap,Q7097238,History of Iraq (2003–11),Q6722016,0,"childof hyperlink text is post-invasion Iraq, but links to History of Iraq (2003-11)"
,Operation Lions Paw,,2003 invasion of Iraq,Q107802,,
,Operation Lions Roar,,2003 invasion of Iraq,Q107802,,
,Operation Lions(Asad),,2003 invasion of Iraq,Q107802,,
,Operation Little Man Brief,,2003 invasion of Iraq,Q107802,,
,Operation Locust,,2003 invasion of Iraq,Q107802,,
,Operation Lofty Summit,,2003 invasion of Iraq,Q107802,,
,Operation Longhorn,,2003 invasion of Iraq,Q107802,,
,Operation Longstreet,,2003 invasion of Iraq,Q107802,,
,Operation Machete Harvest,,2003 invasion of Iraq,Q107802,,
,Operation Manchu Harvest III (Salah ad Din),,2003 invasion of Iraq,Q107802,,
,Operation Mandarin Squeeze,,2003 invasion of Iraq,Q107802,,
,Operation Maritime Guard,Q971510,NATO intervention in Bosnia and Herzegovina,Q1091051,,
,Operation Maritime Monitor,Q321054,NATO intervention in Bosnia and Herzegovina,Q1091051,,
,Operation Market Sweep,,2003 invasion of Iraq,Q107802,,
,Operation Marlborough,Q7097269,Iraq War,Q545449,,
,Operation Marne,,2003 invasion of Iraq,Q107802,,
,Operation Marne Anvil,,Operation Phantom Strike,Q1697088,,
,Operation Marne Avalanche,Q7097270,Iraq War,Q545449,,
Matt,Operation Marne Courageous,Q16931346,Operation Phantom Strike,Q1697088,1,
,Operation Marne Courageous,Q16931346,Iraq War,Q545449,0,
,Operation Marne Grand Slam,,2003 invasion of Iraq,Q107802,,
Matt,Operation Marne Husky,,Operation Phantom Strike,Q1697088,1,
,Operation Marne Husky,,2003 invasion of Iraq,Q107802,0,
,Operation Marne Piledriver,,2003 invasion of Iraq,Q107802,,
,Operation Marne Roundup,,Operation Phantom Strike,Q1697088,,
,Operation Marne Rugged,,2003 invasion of Iraq,Q107802,,
Matt,Operation Marne Thunderbolt,,Operation Phantom Phoenix,Q2026267,1,
,Operation Marne Thunderbolt,,2003 invasion of Iraq,Q107802,0,
Matt,Operation Marne Torch,Q2026187,Operation Phantom Thunder,Q2026272,1,
,Operation Marne Torch,Q2026187,History of Iraq (2003–11),Q6722016,0,"childof hyperlink text is post-invasion Iraq, but links to History of Iraq (2003-11)"
Matt,Operation Marne Torch II,,Operation Phantom Strike,Q1697088,1,
,Operation Marne Torch II,,2003 invasion of Iraq,Q107802,0,
,Operation Mawtini,Q16932796,Iraq War,Q545449,,
,Operation Mayfield III,,2003 invasion of Iraq,Q107802,,
Matt,Operation Medusa,Q1763044,War in Afghanistan,Q182865,0,
Matt,Operation Medusa,Q1763044,Battle of Panjwaii,Q3401917,1,
,Operation Medusa,Q1763044,2003 invasion of Iraq,Q107802,0,
,Operation Michigan,,2003 invasion of Iraq,Q107802,,
,Operation Minotaur,,2003 invasion of Iraq,Q107802,,
,Operation Money Worth,,2003 invasion of Iraq,Q107802,,
,Operation Mongoose,,2003 invasion of Iraq,Q107802,,
Matt,Operation Mongoose (2003),Q65076683,War in Afghanistan,Q182865,1,
,Operation Mongoose (2003),Q65076683,Operation Enduring Freedom,Q326668,0,
,Operation Monmouth,,2003 invasion of Iraq,Q107802,,
,Operation Montana II,,2003 invasion of Iraq,Q107802,,
,Operation Moon,,2003 invasion of Iraq,Q107802,,
,Operation Moon River Dragon,,2003 invasion of Iraq,Q107802,,
,Operation Moonlight (Alkamra Almaner),,2003 invasion of Iraq,Q107802,,
,Operation Moshtarak,Q843588,Helmand province campaign,Q5709231,,
,Operation Mountain Fury,Q909414,Helmand province campaign,Q5709231,,
Matt,Operation Mountain Resolve,Q7097302,War in Afghanistan,Q182865,1,
,Operation Mountain Resolve,Q7097302,Eastern Afghanistan,,0,
,Operation Mountain Thrust,Q609978,Helmand province campaign,Q5709231,,
,Operation Mountain Viper,Q5473413,War in Afghanistan,Q182865,,
,Operation Mountaineers,NA,Operation Sayeed,Q7097502,0,
Matt,Operation Mountaineers,,Operation Sayeed,Q7097502,1,
,Operation Mountaineers(Hiba),,2003 invasion of Iraq,Q107802,,
,Operation Moving Forward,,2003 invasion of Iraq,Q107802,,
,Operation Murfreesboro,Q7097303,Iraq War,Q545449,,
,Operation Mustang,NA,Operation Sayeed,Q7097502,0,
Matt,Operation Mustang,,Operation Sayeed,Q7097502,1,
,Operation Mustang Flex,,2003 invasion of Iraq,Q107802,,
,Operation Mustang Socko,,2003 invasion of Iraq,Q107802,,
,Operation Muthana Strike,,2003 invasion of Iraq,Q107802,,
,Operation Mutual Security,,2003 invasion of Iraq,Q107802,,
,Operation National Unity,,2003 invasion of Iraq,Q107802,,
,Operation Neighborhood Watch,,2003 invasion of Iraq,Q107802,,
,Operation New Blue,,2003 invasion of Iraq,Q107802,,
,Operation New Dawn (Al Fajr),,2003 invasion of Iraq,Q107802,,
,Operation New Day,,2003 invasion of Iraq,Q107802,,
,Operation New Hope,,2003 invasion of Iraq,Q107802,,
,Operation New Market,Q7097325,Iraq War,Q545449,,
,Operation New Town,,2003 invasion of Iraq,Q107802,,
,Operation Nijemgen II,,2003 invasion of Iraq,Q107802,,
,Operation Nijmegen,,2003 invasion of Iraq,Q107802,,
,Operation Nijmegen II,,2003 invasion of Iraq,Q107802,,
,Operation Ninewa Resolve,,2003 invasion of Iraq,Q107802,,
,Operation Noble Lance,,American-led intervention in Syria,Q18121212,,
,Operation Northern Delay,Q7097340,2003 invasion of Iraq,Q107802,,
,Operation Northern Forge,,2003 invasion of Iraq,Q107802,,
,Operation Northern Fury,,2003 invasion of Iraq,Q107802,,
,Operation Northern Lights,,2003 invasion of Iraq,Q107802,,
,Operation Northern Venture,,2003 invasion of Iraq,Q107802,,
,Operation Northern Watch,Q2026233,Iraqi no-fly zones,Q899657,,
,Operation Northwestern Shoulder,,2003 invasion of Iraq,Q107802,,
,Operation O.K. Corral,,2003 invasion of Iraq,Q107802,,
,Operation Observant Compass,Q65066391,Operation Enduring Freedom – Horn of Africa,Q1195810,,
,Operation Ocean Shield,Q2001981,Operation Enduring Freedom – Horn of Africa,Q1195810,,
,Operation Odyssey Lightning,,American-led intervention in Syria,Q18121212,,
,Operation Ohio II,,2003 invasion of Iraq,Q107802,,
,Operation Oklahoma,,2003 invasion of Iraq,Q107802,,
,Operation Olympus,,2003 invasion of Iraq,Q107802,,
,Operation Open Window,,2003 invasion of Iraq,Q107802,,
,Operation Option North,,2003 invasion of Iraq,Q107802,,
Matt,Operation Oqab,Q2026247,War in Afghanistan,Q182865,0,
,Operation Oqab,Q2026247,Counterinsurgency in Northern Afghanistan,Q1312389,1,
,Operation Outer Banks,,2003 invasion of Iraq,Q107802,,
,Operation Outlaw Destroyer,,2003 invasion of Iraq,Q107802,,
,Operation Palk Wahel,,Helmand province campaign,Q5709231,,
,Operation Panther Backroads,,2003 invasion of Iraq,Q107802,,
,Operation Panther Squeeze,Q7097371,Iraq War,Q545449,,
,Operation Panther's Claw,Q3354803,Helmand province campaign,Q5709231,,
,Operation Panthers (Numur),,2003 invasion of Iraq,Q107802,,
,Operation Paradise City II,,2003 invasion of Iraq,Q107802,,
,Operation Passage,,2003 invasion of Iraq,Q107802,,
,Operation Patriot Strike,,2003 invasion of Iraq,Q107802,,
,Operation Pegasus Bridge,,2003 invasion of Iraq,Q107802,,
,Operation Peninsula (MND-CS),,2003 invasion of Iraq,Q107802,,
Matt,Operation Peninsula Strike,Q4335239,War on Terror,Q185729,0,
,Operation Peninsula Strike,Q4335239,Iraq War,Q545449,1,
,Operation Pericles,,2003 invasion of Iraq,Q107802,,
,Operation Perth,Q4744313,War in Afghanistan,Q182865,,
Matt,Operation Phantom Linebacker,Q7097388,War on Terror,Q185729,0,
Matt,Operation Phantom Linebacker,Q7097388,Iraq War,Q545449,1,
,Operation Phantom Linebacker,Q7097388,2003 invasion of Iraq,Q107802,0,
,Operation Phantom Phoenix,Q2026267,Iraq War,Q545449,,
,Operation Phantom Strike,Q1697088,Iraq War,Q545449,,
,Operation Phantom Thunder,Q2026272,Iraq War,Q545449,,
,Operation Phoenix,,2003 invasion of Iraq,Q107802,,
,Operation Pickaxe-Handle,Q7097394,Helmand province campaign,Q5709231,,
,Operation PitBull,,2003 invasion of Iraq,Q107802,,
,Operation Pitchfork,,2003 invasion of Iraq,Q107802,,
Matt,Operation Planet X,Q7097399,War on Terror,Q185729,0,
,Operation Planet X,Q7097399,Iraq War,Q545449,1,
Matt,Operation Plymouth Rock,Q2026278,Iraq War,Q545449,0,
,Operation Plymouth Rock,Q2026278,2003 invasion of Iraq,Q107802,1,
,Operation Polar Black Diamond,,2003 invasion of Iraq,Q107802,,
,Operation Polar Charade,,2003 invasion of Iraq,Q107802,,
,Operation Polar Dive,,2003 invasion of Iraq,Q107802,,
,Operation Polar Scrum,,2003 invasion of Iraq,Q107802,,
,Operation Polar Tempest,Q7097403,Iraq War,Q545449,,
,Operation Polar Valor,,2003 invasion of Iraq,Q107802,,
,Operation Police Victory,,2003 invasion of Iraq,Q107802,,
,Operation Post Hawk,,2003 invasion of Iraq,Q107802,,
,Operation Powder River,,2003 invasion of Iraq,Q107802,,
,Operation Powerline,,2003 invasion of Iraq,Q107802,,
,Operation Predator,,2003 invasion of Iraq,Q107802,,
,Operation Provide Comfort,Q2281470,Iraqi no-fly zones,Q899657,,
,Operation Ptarmigan,,Operation Jacana,Q3354735,,
,Operation Punisher III,,2003 invasion of Iraq,Q107802,,
,Operation Purple Haze,Q7097429,Iraq War,Q545449,,
,Operation Quarterhorse Rides,,2003 invasion of Iraq,Q107802,,
,Operation Quickstrike,,2003 invasion of Iraq,Q107802,,
,Operation Quicksweep,,2003 invasion of Iraq,Q107802,,
,Operation Raging Bull,,2003 invasion of Iraq,Q107802,,
,Operation Raging Bull II,,2003 invasion of Iraq,Q107802,,
,Operation Raider Harvest,,2003 invasion of Iraq,Q107802,,
,Operation Ramadan Roundup,,2003 invasion of Iraq,Q107802,,
,Operation Rams(Tallie),,2003 invasion of Iraq,Q107802,,
,Operation Ranger Dominance,,2003 invasion of Iraq,Q107802,,
,Operation Rapier Thrust,,2003 invasion of Iraq,Q107802,,
,Operation Raptor,,War in Afghanistan,Q182865,,
,Operation Rat Trap,,2003 invasion of Iraq,Q107802,,
,Operation Red Bull,,2003 invasion of Iraq,Q107802,,
,Operation Red Bull II,,2003 invasion of Iraq,Q107802,,
,Operation Red Dawn,Q3780506,Iraq War,Q545449,,
,Operation Red Eagle,,2003 invasion of Iraq,Q107802,,
,Operation Red Light II,,2003 invasion of Iraq,Q107802,,
Matt,Operation Red Wings,Q3354826,Pakistan–United States skirmishes,Q7125993,0,
,Operation Red Wings,Q3354826,Korangal Valley campaign,Q6431406,1,
,Operation Regular Justice,,2003 invasion of Iraq,Q107802,,
,Operation Relentless Hunt,,2003 invasion of Iraq,Q107802,,
,Operation Relentless Strike,,War in Afghanistan,Q182865,,
,Operation Resolute Sword,,2003 invasion of Iraq,Q107802,,
,Operation Restore Peace VI,,2003 invasion of Iraq,Q107802,,
,Operation Restoring Rights,,2003 invasion of Iraq,Q107802,,
,Operation Rhino,Q3417667,War in Afghanistan,Q182865,,
,Operation Rifle Sweep,,2003 invasion of Iraq,Q107802,,
,Operation Rifles Blitz,,2003 invasion of Iraq,Q107802,,
,Operation Rifles Fury,,2003 invasion of Iraq,Q107802,,
,Operation Ripper Sweep,,2003 invasion of Iraq,Q107802,,
,Operation River Blitz,,2003 invasion of Iraq,Q107802,,
,Operation River Bridge,,2003 invasion of Iraq,Q107802,,
,Operation River Falcon,Q7097465,Iraq War,Q545449,,
,Operation River Gate,NA,Operation Sayeed,Q7097502,0,
Matt,Operation River Gate,,Operation Sayeed,Q7097502,1,
,Operation River Gate (Bawwabatu Annaher),,2003 invasion of Iraq,Q107802,,
,Operation River Walk,,2003 invasion of Iraq,Q107802,,
,Operation Roadhouse,,Helmand province campaign,Q5709231,,
,Operation Roaring Tiger,,2003 invasion of Iraq,Q107802,,
Matt,Operation Rock Avalanche,Q2026322,War in Afghanistan,Q182865,0,
,Operation Rock Avalanche,Q2026322,Korangal Valley campaign,Q6431406,1,
,Operation Rock Bottom,,2003 invasion of Iraq,Q107802,,
,Operation Rock Drill,,2003 invasion of Iraq,Q107802,,
,Operation Rock Hammer,,2003 invasion of Iraq,Q107802,,
,Operation Rock Reaper,,2003 invasion of Iraq,Q107802,,
,Operation Rock Slide,,2003 invasion of Iraq,Q107802,,
,Operation Rocketman,,2003 invasion of Iraq,Q107802,,
,Operation Rocketman III,,2003 invasion of Iraq,Q107802,,
,Operation Rogue Stomp,,2003 invasion of Iraq,Q107802,,
,Operation Rogue Thunder,,2003 invasion of Iraq,Q107802,,
,Operation Rose Bowl,,2003 invasion of Iraq,Q107802,,
,Operation Roundup,,Deir ez-Zor offensive,Q39899474,,
,Operation Rubicon,,2003 invasion of Iraq,Q107802,,
,Operation Saber Boss,,2003 invasion of Iraq,Q107802,,
,Operation Saber Guardian,Q7097481,Iraq War,Q545449,,
,Operation Saber Turner II,,2003 invasion of Iraq,Q107802,,
,Operation Safe Neighborhood,,2003 invasion of Iraq,Q107802,,
,Operation Safety and Security (Fahrad Al Amin),,2003 invasion of Iraq,Q107802,,
,Operation Sahda Ehlm,,Counterinsurgency in Northern Afghanistan,Q1312389,,
,Operation Salm,,2003 invasion of Iraq,Q107802,,
,Operation Saloon,,2003 invasion of Iraq,Q107802,,
,Operation San Juan,,2003 invasion of Iraq,Q107802,,
,Operation Sand Storm,,2003 invasion of Iraq,Q107802,,
,Operation Saratoga,,2003 invasion of Iraq,Q107802,,
,Operation Sawlat al-Fursan (Charge of the Knights),,2003 invasion of Iraq,Q107802,,
Matt,Operation Sayeed,Q7097502,Iraq War in Anbar Province,Q6067801,1,
,Operation Sayeed,Q7097502,Iraq War,Q545449,0,
,Operation Sayeed (Hunter) II,NA,Operation Sayeed,Q7097502,0,
Matt,Operation Sayeed (Hunter) II,,Operation Sayeed,Q7097502,1,
,Operation Scales of Justice,,2003 invasion of Iraq,Q107802,,
,Operation Scimitar,,2003 invasion of Iraq,Q107802,,
,Operation Scorpion,Q7097510,Iraq War,Q545449,,
,Operation Scorpion Sting,,2003 invasion of Iraq,Q107802,,
,Operation Scrimmage,,2003 invasion of Iraq,Q107802,,
,Operation Seahorse,,2003 invasion of Iraq,Q107802,,
,Operation Secure Tomorrow,Q7097528,2004 Haitian coup d'état,Q2883469,,
,Operation Senior Surprise,Q85790978,Liberation of Kuwait campaign,Q6541036,1,
,Operation Septentrion,Q3354840,War in Afghanistan,Q182865,,
,Operation Sergeant Thea'a,,2003 invasion of Iraq,Q107802,,
,Operation Shadyville,,2003 invasion of Iraq,Q107802,,
,Operation Shank,NA,Operation Sayeed,Q7097502,0,
Matt,Operation Shank,,Operation Sayeed,Q7097502,1,
,Operation Shank(Harba),,2003 invasion of Iraq,Q107802,,
,Operation Sharp Guard,Q472398,NATO intervention in Bosnia and Herzegovina,Q1091051,,
,Operation Showdown,,2003 invasion of Iraq,Q107802,,
,Operation Shurta Nasir,Q7097544,Iraq War,Q545449,,
,Operation Sidewinder,,2003 invasion of Iraq,Q107802,,
,Operation Siegfried Line,,2003 invasion of Iraq,Q107802,,
,Operation Silicon,,Helmand province campaign,Q5709231,,
,Operation Sillelagh,,2003 invasion of Iraq,Q107802,,
,Operation Silverado,,2003 invasion of Iraq,Q107802,,
,Operation SINBAD,,2003 invasion of Iraq,Q107802,,
,Operation Skinner(Gashshaa),,2003 invasion of Iraq,Q107802,,
,Operation Sky Monitor,Q1000306,NATO intervention in Bosnia and Herzegovina,Q1091051,,
,Operation Slapshot,,2003 invasion of Iraq,Q107802,,
,Operation Slim Shady,,2003 invasion of Iraq,Q107802,,
,Operation Smokewagon,,2003 invasion of Iraq,Q107802,,
,Operation Snake River,,2003 invasion of Iraq,Q107802,,
,Operation Snipe,,Operation Jacana,Q3354735,,
,Operation Soda Mountain,,2003 invasion of Iraq,Q107802,,
,Operation Sond Chara,,Helmand province campaign,Q5709231,,
,Operation Soprano Sunset,,2003 invasion of Iraq,Q107802,,
,Operation SOUK,,2003 invasion of Iraq,Q107802,,
,Operation Southern Focus,Q2739563,Iraqi no-fly zones,Q899657,0,
,Operation Southern Focus,Q2739563,Operation Southern Watch,Q2026406,1,
,Operation Southern Scimitar,,2003 invasion of Iraq,Q107802,,
,Operation Southern Watch,Q2026406,Iraqi no-fly zones,Q899657,,
,Operation Spartan Scorpion,,2003 invasion of Iraq,Q107802,,
Matt,Operation Spear,Q7097569,Iraqi insurgency,Q926905,0,
,Operation Spear,Q7097569,History of Iraq (2003–11),Q6722016,1,"childof hyperlink text is post-invasion Iraq, but links to History of Iraq (2003-11)"
,Operation Spear (Romhe),,2003 invasion of Iraq,Q107802,,
,Operation Spider Web,,2003 invasion of Iraq,Q107802,,
,Operation Spring Break,,2003 invasion of Iraq,Q107802,,
,Operation Spring Cleanup,,2003 invasion of Iraq,Q107802,,
,Operation Squeeze Play,Q7097575,History of Iraq (2003–11),Q6722016,,"childof hyperlink text is post-invasion Iraq, but links to History of Iraq (2003-11)"
,Operation Stallion Run,,2003 invasion of Iraq,Q107802,,
Matt,Operation Stampede 3,Q7097577,Operation Phantom Thunder,Q2026272,0,
Matt,Operation Stampede 3,Q7097577,Operation Marne Torch,Q2026187,1,
,Operation Stampede 3,Q7097577,Iraq War,Q545449,0,
Matt,Operation Steel Curtain,Q642100,Operation Sayeed,Q7097502,1,
,Operation Steel Curtain,Q642100,Iraq War,Q545449,0,
,Operation Sterling,,2003 invasion of Iraq,Q107802,,
,Operation Stocking Stuffer,,2003 invasion of Iraq,Q107802,,
,Operation Strategic Separation (al Azil al Sitrateegi),,2003 invasion of Iraq,Q107802,,
,Operation Street Sweeper II,,2003 invasion of Iraq,Q107802,,
,Operation Strike of the Sword,Q2549377,Helmand province campaign,Q5709231,0,
,Operation Strike of the Sword,Q2549377,Battle of Now Zad,Q4871922,1,
,Operation Striker Hurricane,,2003 invasion of Iraq,Q107802,,
,Operation Striker Tornado,,2003 invasion of Iraq,Q107802,,
,Operation Suicide Kings,,2003 invasion of Iraq,Q107802,,
,Operation Swamp Fox,,2003 invasion of Iraq,Q107802,,
,Operation Swarmer,Q477040,History of Iraq (2003–11),Q6722016,,"childof hyperlink text is post-invasion Iraq, but links to History of Iraq (2003-11)"
,Operation Sweeny,,2003 invasion of Iraq,Q107802,,
,Operation Swift Sword,,2003 invasion of Iraq,Q107802,,
,Operation Sword (Saif),,2003 invasion of Iraq,Q107802,,
,Operation Syrian Round-up,,2003 invasion of Iraq,Q107802,,
,Operation Tacoma III,,2003 invasion of Iraq,Q107802,,
,Operation Talon,,2003 invasion of Iraq,Q107802,,
,Operation Tangerine Pinch,,2003 invasion of Iraq,Q107802,,
,Operation Tangerine Squeeze,,2003 invasion of Iraq,Q107802,,
,Operation Taohid I,,Counterinsurgency in Northern Afghanistan,Q1312389,,
,Operation Taohid II,,Counterinsurgency in Northern Afghanistan,Q1312389,,
,Operation Taohid III,,Counterinsurgency in Northern Afghanistan,Q1312389,,
,Operation Tapeworm,,2003 invasion of Iraq,Q107802,,
Matt,Operation Tar Heels,Q7097613,War in Afghanistan,Q182865,1,
,Operation Tar Heels,Q7097613,Eastern Afghanistan,,0,
,Operation Therapist,,2003 invasion of Iraq,Q107802,,
,Operation Three Kings,,2003 invasion of Iraq,Q107802,,
,Operation Three Swords,,2003 invasion of Iraq,Q107802,,
,Operation Thunder,,2003 invasion of Iraq,Q107802,,
,Operation Thundercat,,2003 invasion of Iraq,Q107802,,
,Operation Thunderstruck,,2003 invasion of Iraq,Q107802,,
Matt,Operation Tidal Wave II,Q22907504,military intervention against ISIL,Q17507684,0,
,Operation Tidal Wave II,Q22907504,American-led intervention in Syria,Q18121212,1,
,Operation Tiger Clean Sweep,,2003 invasion of Iraq,Q107802,,
,Operation Tiger Fury,,2003 invasion of Iraq,Q107802,,
,Operation Tiger Hammer,Q7097639,History of Iraq (2003–11),Q6722016,,"childof hyperlink text is post-invasion Iraq, but links to History of Iraq (2003-11)"
,Operation Tigers,NA,Operation Sayeed,Q7097502,0,
Matt,Operation Tigers,,Operation Sayeed,Q7097502,1,
,Operation Tigers (Numur),,2003 invasion of Iraq,Q107802,,
,Operation Tinto,,2003 invasion of Iraq,Q107802,,
,Operation Tobruk,,2003 invasion of Iraq,Q107802,,
,Operation Together Forward,Q7097646,Iraq War,Q545449,,
,Operation Tomahawk,,2003 invasion of Iraq,Q107802,,
,Operation Tomahawk Strike 11,,2003 invasion of Iraq,Q107802,,
,Operation Tomahawk Strike 12,,2003 invasion of Iraq,Q107802,,
,Operation Tombstone Piledriver,,2003 invasion of Iraq,Q107802,,
,Operation Tor Shpa'h,,Helmand province campaign,Q5709231,,
,Operation Trailblazer,,2003 invasion of Iraq,Q107802,,
,Operation Trident IV,,2003 invasion of Iraq,Q107802,,
Matt,Operation Trifecta,NA,Operation Sayeed,Q7097502,0,
Matt,Operation Trifecta,,Operation Sayeed,Q7097502,1,
,Operation Trifecta,,2003 invasion of Iraq,Q107802,0,
,Operation Triple Play,,2003 invasion of Iraq,Q107802,,
,Operation Tropical Lightning,,2003 invasion of Iraq,Q107802,,
,Operation True Grit,,2003 invasion of Iraq,Q107802,,
,Operation Turkey Bowl,,2003 invasion of Iraq,Q107802,,
,Operation Turki Bowl,,2003 invasion of Iraq,Q107802,,
,Operation Turki Bowl II,,2003 invasion of Iraq,Q107802,,
,Operation Tuwaitha Sunrise,,2003 invasion of Iraq,Q107802,,
,Operation Tyche Round-up,,2003 invasion of Iraq,Q107802,,
,Operation Tyr,,2003 invasion of Iraq,Q107802,,
,Operation Uhaser,,2003 invasion of Iraq,Q107802,,
,Operation Unforgiven,,2003 invasion of Iraq,Q107802,,
,Operation Unified Fist,,2003 invasion of Iraq,Q107802,,
,Operation Unified Front,,2003 invasion of Iraq,Q107802,,
Matt,Operation Unified Protector,Q3269455,2011 military intervention in Libya,Q210714,1,
,Operation Unified Protector,Q3269455,2011 Libyan Civil War,Q81545,0,
Matt,Operation United Shield,Q16250538,United Nations Operation in Somalia II,Q1778229,1,
,Operation United Shield,Q16250538,Somali Civil War,Q243620,0,
,Operation Uphold Democracy,Q2026486,1991 Haitian coup d'état,Q4586873,,
,Operation Vacant City,,2003 invasion of Iraq,Q107802,,
,Operation Valdez,,2003 invasion of Iraq,Q107802,,
,Operation Valiant Guardian,Q7097682,Iraq War,Q545449,,
,Operation Valiant Strike,Q7097684,War in Afghanistan,Q182865,,
,Operation Vanguard Thunder,,2003 invasion of Iraq,Q107802,,
,Operation Vigilant Sentinel,Q7097689,Iraq disarmament crisis,Q1433190,0,
,Operation Vigilant Sentinel,Q7097689,Lead-up to the Iraq War,Q6508337,1,
,Operation Vigilant Warrior,Q1838811,Iraqi no-fly zones,Q899657,0,
,Operation Vigilant Warrior,Q1838811,Operation Southern Watch,Q2026406,1,
,Operation Viking Clampdown III,,2003 invasion of Iraq,Q107802,,
Matt,Operation Viking Hammer,Q1678616,Kurdistan Islamist Conflict,Q6445800,0,
,Operation Viking Hammer,Q1678616,2003 invasion of Iraq,Q107802,1,
,Operation Viking Snatch,,2003 invasion of Iraq,Q107802,,
,Operation Viper Pursuit,,2003 invasion of Iraq,Q107802,,
,Operation Vipers Bite,,2003 invasion of Iraq,Q107802,,
,Operation Warhorse Whirlwind,,2003 invasion of Iraq,Q107802,,
,Operation Warrior,,2003 invasion of Iraq,Q107802,,
,Operation Warrior Resolve,,2003 invasion of Iraq,Q107802,,
Matt,Operation Warrior Sweep,Q7097704,War in Afghanistan,Q182865,1,
,Operation Warrior Sweep,Q7097704,Eastern Afghanistan,,0,
Matt,Operation Warrior's Rage,Q7097703,War on Terror,Q185729,0,
Matt,Operation Warrior's Rage,Q7097703,Iraq War,Q545449,1,
,Operation Warrior's Rage,Q7097703,2003 invasion of Iraq,Q107802,0,
,Operation Waterfront,,2003 invasion of Iraq,Q107802,,
Matt,Operation Whalers,Q7097713,War in Afghanistan,Q182865,1,
,Operation Whalers,Q7097713,Eastern Afghanistan,,0,
,Operation White House,,2003 invasion of Iraq,Q107802,,
,Operation White Rockets,,2003 invasion of Iraq,Q107802,,
,Operation White Shield,,2003 invasion of Iraq,Q107802,,
,Operation Wickersham,,2003 invasion of Iraq,Q107802,,
,Operation Wickersham II,,2003 invasion of Iraq,Q107802,,
,Operation Wickersham III,,2003 invasion of Iraq,Q107802,,
,Operation William Wallace,,2003 invasion of Iraq,Q107802,,
,Operation Winston-Salem,,2003 invasion of Iraq,Q107802,,
,Operation Wolf Pursuit,,2003 invasion of Iraq,Q107802,,
,Operation Wolf Stalk II,,2003 invasion of Iraq,Q107802,,
,Operation Wolfhound Fury,,2003 invasion of Iraq,Q107802,,
,Operation Wolfhound Fury II,,2003 invasion of Iraq,Q107802,,
,Operation Wolfhound Jab,,2003 invasion of Iraq,Q107802,,
,Operation Wolfhound Power,,2003 invasion of Iraq,Q107802,,
,Operation Wolfhound Trap II,,2003 invasion of Iraq,Q107802,,
,Operation Wolfpack Crunch,,2003 invasion of Iraq,Q107802,,
Matt,Operation Wolverine,,Operation Enduring Freedom,Q326668,0,
,Operation Wolverine,,2003 invasion of Iraq,Q107802,1,
,Operation Wolverine Alesia,,2003 invasion of Iraq,Q107802,,
,Operation Wolverine Feast,,2003 invasion of Iraq,Q107802,,
,Operation Wonderland,,2003 invasion of Iraq,Q107802,,
,Operation Woodshed,,2003 invasion of Iraq,Q107802,,
,Operation Woodstock,,2003 invasion of Iraq,Q107802,,
,Operation Yellow Stone,,2003 invasion of Iraq,Q107802,,
,Operation Yorktown,,2003 invasion of Iraq,Q107802,,
,Operation Yukon River,,2003 invasion of Iraq,Q107802,,
,Operation Zafar,,International Security Assistance Force,Q155654,,
,Operation Zafar 2,,International Security Assistance Force,Q155654,,
,Oruzgan police station attack of January 2002,Q7105180,War in Afghanistan,Q182865,,
Matt,Package Q Strike,Q7122885,Gulf War air campaign,Q8256467,1,
,Package Q Strike,Q7122885,Gulf War,Q37643,0,
,Pakistan–United States skirmishes,Q7125993,War in Afghanistan,Q182865,,
Matt,Palmyra offensive (December 2016),Q27988133,Syrian Civil War,Q178810,0,
Matt,Palmyra offensive (December 2016),Q27988133,Russian military support in the Syrian Civil War,Q21032720,1,
,Palmyra offensive (December 2016),Q27988133,military intervention against ISIL,Q17507684,0,
,piracy off the coast of Somalia,Q214451,Somali Civil War,Q243620,,
Matt,Raid on Al Hathla,Q30089867,Yemeni Civil War (2015–present),Q19686631,1,
,Raid on Al Hathla,Q30089867,War on Terror,Q185729,0,
,Raid on Hazar Qadam,Q5687552,United States invasion of Afghanistan,Q19646470,,
,Raid on Khataba,Q6400879,War in Afghanistan,Q182865,,
,Raid on Kunar,Q6444187,War in Afghanistan,Q182865,,
Matt,Raid on Yakla,Q28716912,Yemeni Civil War (2015–present),Q19686631,1,
,Raid on Yakla,Q28716912,War on Terror,Q185729,0,
Matt,Raqqa campaign (2016–2017),Q27761867,Syrian Civil War,Q178810,0,
Matt,Raqqa campaign (2016–2017),Q27761867,American-led intervention in Syria,Q18121212,0,
,Raqqa campaign (2016–2017),Q27761867,2013 Syrian Kurdish–Islamist conflict,Q15109939,1,
,religious violence in Nigeria,Q18393989,NA,NA,0,omitted
,Rescue of Jessica Buchanan and Poul Hagen Thisted,Q7315022,Operation Enduring Freedom – Horn of Africa,Q1195810,,
Matt,Resolute Support Mission,Q18651204,War in Afghanistan,Q182865,1,
,Resolute Support Mission,Q18651204,NA,NA,0,
,Rojava conflict,Q2384201,Syrian Civil War,Q178810,,
Matt,Russian military support in the Syrian Civil War,Q21032720,Syrian Civil War,Q178810,0,
Matt,Russian military support in the Syrian Civil War,Q21032720,military intervention against ISIL,Q17507684,0,
,Russian military support in the Syrian Civil War,Q21032720,foreign involvement in the Syrian civil war,Q5468411,1,
Matt,Salahuddin campaign,Q19574810,military intervention against ISIL,Q17507684,0,
Matt,Salahuddin campaign,Q19574810,Iraqi Civil War (2014–2017),Q17984356,0,
,Salahuddin campaign,Q19574810,American-led intervention in Iraq (2014–present),Q18159629,1,
Matt,Samurra Air Battle,Q28162754,Gulf War air campaign,Q8256467,1,
,Samurra Air Battle,Q28162754,Gulf War,Q37643,0,
Matt,Saudi Arabian-led intervention in Yemen,Q19682450,Yemeni Civil War (2015–present),Q19686631,1,
,Saudi Arabian-led intervention in Yemen,Q19682450,Iran–Saudi Arabia proxy conflict,Q22948406,0,
,Second Battle of Fallujah,Q1330136,Iraq War,Q545449,,
,Second Battle of Habbaniyah,Q24083362,Iraqi insurgency,Q926905,,
Matt,Second Battle of Tikrit,Q19407785,Salahuddin campaign,Q19574810,1,
Matt,Second Battle of Tikrit,Q19407785,military intervention against ISIL,Q17507684,0,
,Second Battle of Tikrit,Q19407785,Iraqi Civil War (2014–2017),Q17984356,0,
Matt,Sectarian violence in Iraq (2006–2008),Q17183365,Iraqi insurgency,Q926905,1,
Matt,Sectarian violence in Iraq (2006–2008),Q17183365,Iraq War,Q545449,0,
,Sectarian violence in Iraq (2006–2008),Q17183365,Iraq conflict (2003–present),Q47015896,0,
,September 2012 raid on Camp Bastion,Q15276208,Helmand province campaign,Q5709231,,
,September 2016 Deir ez-Zor air raid,Q26945162,American-led intervention in Syria,Q18121212,,
Matt,Shabwah Governorate offensive,Q23022688,Yemeni Civil War (2015–present),Q19686631,1,
,Shabwah Governorate offensive,Q23022688,Al-Qaeda insurgency in Yemen,Q286436,0,
,Shah Wali Kot Offensive,Q2083522,War in Afghanistan,Q182865,,
,Shrawangai Nazarkhel airstrike,Q7503440,War in North-West Pakistan,Q179275,0,
,Shrawangai Nazarkhel airstrike,Q7503440,drone attacks in Pakistan,Q1260080,1,
Matt,Siege of Amirli,Q17984925,Salahuddin campaign,Q19574810,1,
Matt,Siege of Amirli,Q17984925,military intervention against ISIL,Q17507684,0,
,Siege of Amirli,Q17984925,Iraqi Civil War (2014–2017),Q17984356,0,
Matt,Siege of Fallujah (2016),Q23137890,Iraqi Civil War (2014–2017),Q17984356,0,
Matt,Siege of Fallujah (2016),Q23137890,Anbar offensive,Q22935666,1,
,Siege of Fallujah (2016),Q23137890,American-led intervention in Iraq (2014–present),Q18159629,0,
,Siege of Kunduz,Q3485911,War in Afghanistan,Q182865,,
,Siege of Musa Qala,Q7510253,Helmand province campaign,Q5709231,,
Matt,Siege of Sadr City,Q3486016,Iraq War,Q545449,1,
,Siege of Sadr City,Q3486016,Iraq spring fighting of 2004,Q6067924,0,
,Siege of Sangin,Q3030036,Helmand province campaign,Q5709231,,
Matt,Sinai insurgency,Q7521684,War on Terror,Q185729,0,
Matt,Sinai insurgency,Q7521684,Timeline of the 2011–2012 Egyptian revolution,Q577539,0,
Matt,Sinai insurgency,Q7521684,terrorism in Egypt,Q7703930,0,
Matt,Sinai insurgency,Q7521684,Insurgency in Egypt,Q22935835,0,omitted
,Sinai insurgency,Q7521684,Arab Winter,Q17512479,0,
Matt,Somali Civil War,Q243620,War on Terror,Q185729,0,
,Somali Civil War,Q243620,Conflicts in the Horn of Africa,Q40719,1,
Matt,Somali Civil War (2009–present),Q1052332,War on Terror,Q185729,0,
,Somali Civil War (2009–present),Q1052332,Somali Civil War,Q243620,1,
Matt,Somalia War (2006–2009),Q1072042,War on Terror,Q185729,0,
Matt,Somalia War (2006–2009),Q1072042,Somali Civil War,Q243620,1,
,Somalia War (2006–2009),Q1072042,Ethiopian–Somali conflict,Q5692053,0,
Matt,spillover of the Syrian Civil War,Q17272643,Syrian Civil War,Q178810,1,
Matt,spillover of the Syrian Civil War,Q17272643,Arab Winter,Q17512479,0,
,spillover of the Syrian Civil War,Q17272643,Arab Spring,Q33761,0,
,Stabilisation Force in Bosnia and Herzegovina,Q313440,NATO intervention in Bosnia and Herzegovina,Q1091051,,
Matt,SY Quest incident,Q647100,piracy off the coast of Somalia,Q214451,0,
Matt,SY Quest incident,Q647100,Operation Ocean Shield,Q2001981,1,
,SY Quest incident,Q647100,Operation Enduring Freedom – Horn of Africa,Q1195810,0,
Matt,Syrian Civil War,Q178810,Arab Winter,Q17512479,0,
,Syrian Civil War,Q178810,Arab Spring,Q33761,1,
Matt,Syrian Desert campaign (May–July 2017),Q29991963,Syrian Civil War,Q178810,1,
Matt,Syrian Desert campaign (May–July 2017),Q29991963,Russian military support in the Syrian Civil War,Q21032720,0,
,Syrian Desert campaign (May–July 2017),Q29991963,American-led intervention in Syria,Q18121212,0,
,Tarnak Farm incident,Q2783811,War in Afghanistan,Q182865,,
,Terrorism Defeat Battle,,Deir ez-Zor offensive,Q39899474,,
,terrorism in Egypt,Q7703930,NA,NA,0,omitted
,Timeline of the 2011–2012 Egyptian revolution,Q577539,NA,NA,0,omitted
Matt,Tishrin Dam offensive,Q21860041,Syrian Civil War,Q178810,0,
,Tishrin Dam offensive,Q21860041,American-led intervention in Syria,Q18121212,1,
Matt,Tokhar airstrikes (2016),Q28001554,Manbij offensive,Q23701421,1,
,Tokhar airstrikes (2016),Q28001554,American-led intervention in Syria,Q18121212,0,
Matt,Turkey–ISIL conflict,Q20743978,spillover of the Syrian Civil War,Q17272643,1,
,Turkey–ISIL conflict,Q20743978,military intervention against ISIL,Q17507684,0,
Matt,Turkish involvement in the Syrian Civil War,Q18208094,Syrian Civil War,Q178810,1,
,Turkish involvement in the Syrian Civil War,Q18208094,military intervention against ISIL,Q17507684,0,
,U.S. raid on the Iranian Liaison Office in Arbil,Q7863480,NA,NA,,
Matt,United Nations Operation in Somalia II,Q1778229,Somali Civil War (2009–present),Q1052332,0,
,United Nations Operation in Somalia II,Q1778229,Somali Civil War,Q243620,1,
Matt,United States bombing of the Chinese embassy in Belgrade,Q2418042,NATO bombing of Yugoslavia,Q155723,1,
,United States bombing of the Chinese embassy in Belgrade,Q2418042,Kosovo War,Q190029,0,
,United States invasion of Afghanistan,Q19646470,War in Afghanistan,Q182865,,
,Uruzgan helicopter attack,Q8207886,War in Afghanistan,Q182865,,
Matt,War in Afghanistan,Q182865,War on Terror,Q185729,1,
,War in Afghanistan,Q182865,War in Afghanistan,Q1519107,0,
Matt,War in North-West Pakistan,Q179275,War on Terror,Q185729,1,
,War in North-West Pakistan,Q179275,War in Afghanistan,Q182865,0,
Matt,War in Somalia (2006-2009),Q1072042,War on Terror,Q185729,0,
Matt,War in Somalia (2006-2009),Q1072042,Somali Civil War,Q243620,1,
,War in Somalia (2006-2009),Q1072042,Ethiopian–Somali conflict,Q5692053,0,
Matt,War in Somalia (2009–),Q1052332,War on Terror,Q185729,0,
,War in Somalia (2009–),Q1052332,Somali Civil War,Q243620,1,
,War on Terror,Q185729,NA,NA,,
,Wech Baghtu wedding party airstrike,Q7979006,War in Afghanistan,Q182865,,
Matt,Western Nineveh offensive (2017),Q30014900,Iraqi Civil War (2014–2017),Q17984356,0,
,Western Nineveh offensive (2017),Q30014900,Battle of Mosul (2016–17),Q27429856,1,
Matt,Yemeni Civil War (2015–present),Q19686631,Yemeni Crisis,Q15946570,1,
,Yemeni Civil War (2015–present),Q19686631,Arab Winter,Q17512479,0,
,Yemeni Crisis,Q15946570,NA,NA,,
,Yugoslav Wars,Q242352,NA,NA,,
